Typ;Name;Kategorie;Menge;Mindestbestand;Einzelwert;Lagerort;Unterkategorie;Lieferant;Verbrauchsmaterial;Events;Hinweis;Komponenten;Beschreibung;TrackingMode;AssetCodes;Eventtyp;Eventdatum;Status;Geplant;Verwendet;Fraktion;Bestellte Artikel;Bestellstatus;Wartungsintervalltage;Nächste Wartung;Betriebsstunden;Wartungsstatus;Kraftstoffverbrauch l/100km;Batteriewechsel fällig;Mindesthaltbar bis
Artikel;Hesco-Barriere klein (1x1m);Infrastruktur;40;10;45,00;Palettenlager;Barrikaden & Deckung;Hesco Bastion;Nein;LS,DE,TNO;Militärische Schutzkörbe zur Feldbefestigung. Vor Ort mit Sand oder Erde befüllen.;;;;
Artikel;Hesco-Barriere groß (1.5x1.5m);Infrastruktur;25;6;85,00;Palettenlager;Barrikaden & Deckung;Hesco Bastion;Nein;LS,DE,TNO;Große Schutzwall-Elemente für HQ-Sicherung und Fahrzeugsperren.;;;;
Artikel;20-Personen Aufenthaltszelt (6x4m);Infrastruktur;3;1;1450,00;Zeltlager;Zelte & Unterstand;Mil-Tec;Nein;LS,DE,TNO;Großraumzelt inkl. Gestänge, Zelthaut, Heringen und Spannleinen. Nur trocken einlagern!;;;;
Artikel;GPS-Feldtracker;IT & Elektronik;25;20;120,00;Technik-Lager 1;Tracking-System;AirsoftTech;Nein;LS,DE,TNO;LoRa/GPS-Spieler-Tracker mit Li-Po Akku. Vor Ausgabe per USB-C voll laden.;;;;
Artikel;Tracker-Basisstation;IT & Elektronik;3;1;450,00;Technik-Lager 1;Tracking-System;AirsoftTech;Nein;LS,DE,TNO;Zentrale Empfangsstation für Felddaten. Antenne an erhöhtem Standort montieren.;;;;
Artikel;Feld-PC Intel;IT & Elektronik;4;2;650,00;Technik-Lager 1;Computer;Dell;Nein;LS,DE,TNO;Robuster Steuerungsrechner für Spielfeld-Auswertung und Live-Map.;;;;
Artikel;Feld-Monitor 24 Zoll;IT & Elektronik;5;2;140,00;Technik-Lager 1;Peripherie;Iiyama;Nein;LS,DE,TNO;Inkl. HDMI- und Netzkabel im gepolsterten Flightcase transportieren.;;;;
Artikel;Tastatur- & Maus-Set;IT & Elektronik;6;2;35,00;Technik-Lager 1;Peripherie;Logitech;Nein;LS,DE,TNO;Kabelgebundenes spritzwassergeschütztes Set für Leitstand.;;;;
Artikel;Uplink-Station;IT & Elektronik;3;1;580,00;Technik-Lager 1;Netzwerk;AirsoftTech;Nein;LS,DE,TNO;Datenübertragung zwischen Außenposten und Leitstelle.;;;;
Artikel;HQ-Flaggenpunkt-Station;IT & Elektronik;4;1;380,00;Technik-Lager 1;Spielmechanik;AirsoftTech;Nein;LS,DE,TNO;Elektronischer Flaggenpunkt mit RFID-Leser, Display und RGB-Statuslichtern.;;;;
Artikel;Starlink;IT & Elektronik;3;1;450,00;Technik-Lager 1;Satellit;SpaceX / Starlink;Nein;LS,DE,TNO;Satelliten-Terminal für Internetanbindung. Mast oder Stativhalterung nutzen.;;;serialized;"STL-001, STL-002, STL-003"
Artikel;Access Point (U6 Mesh);IT & Elektronik;5;2;179,00;Technik-Lager 1;WLAN;Ubiquiti;Nein;LS,DE,TNO;Wetterfester Mesh-Access-Point für Geländewlan. Inkl. PoE-Adapter.;;;serialized;"AP-U6-01, AP-U6-02, AP-U6-03, AP-U6-04, AP-U6-05"
Artikel;Router (Cloud Gateway);IT & Elektronik;3;1;210,00;Technik-Lager 1;Router;Ubiquiti;Nein;LS,DE,TNO;Zentrales Sicherheitsgateway mit vorkonfigurierten Orga/Gäste-VLANs.;;;serialized;"RTR-CGW-01, RTR-CGW-02, RTR-CGW-03"
Artikel;Patchkabel Cat.6 RJ45 20m;IT & Elektronik;12;4;24,90;Kabelkiste Strom;Kabel;Kopp;Nein;LS,DE,TNO;UV-beständiges und trittfestes Gigabit-Netzwerkkabel für Außenbereich.;;;;
Artikel;HQ-Funkgerät;Funktechnik;4;1;295,00;Funkraum;Stationärfunk;Midland;Nein;LS,DE,TNO;Feste Funkstation für Spielleiter/HQ mit Netzteil und Handmikrofon.;;;serialized;"RAD-HQ-01, RAD-HQ-02, RAD-HQ-03, RAD-HQ-04"
Artikel;HQ-Funkgerät-Antenne Mastfuß;Funktechnik;4;1;119,00;Funkraum;Antennen;Diamond;Nein;LS,DE,TNO;Rundstrahlantenne inkl. 15m verlustarmem Koaxialkabel RG-213.;;;;
Artikel;Handfunkgerät;Funktechnik;24;8;65,00;Funkraum;Handfunk;Retevis;Nein;LS,DE,TNO;Wasserdichtes Handfunkgerät mit Akku, Antenne, Gürtelclip und Ladeschale.;;;;
Artikel;Handfunkgerät-Ladestation;Funktechnik;3;1;20,00;Funkraum;Handfunk;Retevis;Nein;LS,DE,TNO;Wasserdichtes Handfunkgerät mit Akku, Antenne, Gürtelclip und Ladeschale.;;;;
Artikel;Bauzaun 3.5m x 2.0m;Infrastruktur;40;10;42,00;Palettenlager;Absperrung;Schake;Nein;LS,DE,TNO;Verzinkter Bauzaun für Absperrungen, Safezone und Eingangsbereich.;;;;
Artikel;Bauzaunbanner / Sichtschutz;Infrastruktur;40;10;18,50;Palettenlager;Absperrung;Schake;Nein;LS,DE,TNO;Reißfeste Sichtschutzblende mit Randverstärkung und Metallösen.;;;;
Artikel;Bauzaunfuß Beton;Infrastruktur;45;10;12,50;Palettenlager;Absperrung;Schake;Nein;LS,DE,TNO;Schwerer Standfuß mit 6 Einstecklöchern für standsicheren Aufbau.;;;;
Artikel;Bauzaunschelle Verbindungsklammer Stahl;Infrastruktur;80;20;2,50;Palettenlager;Verbindungsmaterial;Schake;Nein;LS,DE,TNO;Verbindungsschellen zur festen Verschraubung zweier Zaunelemente.;;;;
Artikel;Benzingenerator 3,5 kW;Infrastruktur;4;1;450,00;Technik-Lager 1;Stromversorgung;Einhell;Nein;LS,DE,TNO;4-Takt Inverter-Stromerzeuger 3500W. Vor Betrieb Ölstand prüfen, nur im Freien betreiben.;;;serialized;"GEN-3501, GEN-3502, GEN-3503, GEN-3504"
Artikel;Benzinkanister 20l;Infrastruktur;4;2;45,00;Gefahrstofflager;Treibstoff;Bundeswehr / NATO;Ja;LS,DE,TNO;20-Liter-Metallkanister mit Benzin (Super E5). Kühl und belüftet lagern.;;;;
Artikel;Verlängerungskabel 10m;Infrastruktur;15;5;18,50;Kabelkiste Strom;Kabel;Brennenstuhl;Nein;LS,DE,TNO;Schuko-Gummikabel H07RN-F für Außenbereich. Nach Einsatz trocken aufrollen.;;;;
Artikel;Kabeltrommel 50m;Infrastruktur;6;2;65,00;Kabelkiste Strom;Kabel;Brennenstuhl;Nein;LS,DE,TNO;Robuste 50m Außenkabeltrommel mit Überhitzungsschutz. Bei hoher Last ganz abrollen!;;;;
Artikel;Mehrfachsteckdose 3-fach;Infrastruktur;10;4;8,50;Kabelkiste Strom;Stromverteilung;Brennenstuhl;Nein;LS,DE,TNO;3-fach Schuko-Steckdosenleiste mit Schalter für Innen-/Zeltbereich.;;;;
Artikel;Mehrfachsteckdose 5-fach;Infrastruktur;10;4;12,50;Kabelkiste Strom;Stromverteilung;Brennenstuhl;Nein;LS,DE,TNO;5-fach Schuko-Steckdosenleiste mit Überspannungsschutz und Schalter.;;;;
Artikel;LED-Flutlicht 100W weiß;Infrastruktur;8;2;45,00;Technik-Lager 1;Beleuchtung;Osram;Nein;LS,DE,TNO;IP65 Außenflutlicht kaltweiß mit Schukostecker und Montagebügel.;;;;
Artikel;LED-Flutlicht RGB 20W;Infrastruktur;12;4;22,00;Technik-Lager 1;Beleuchtung;AirsoftTech;Nein;LS,DE,TNO;Kompakter RGB-Fluter für Spawn-, Zonen- oder Spielfeldmarkierung inkl. IR-Fernbedienung.;;;;
Artikel;LED-Flutlicht RGB 50W;Infrastruktur;8;2;38,00;Technik-Lager 1;Beleuchtung;AirsoftTech;Nein;LS,DE,TNO;Leistungsstarker RGB-Fluter für HQ- und Geländeeffekte inkl. Fernbedienung.;;;;
Artikel;LED-Deckenleuchte;Infrastruktur;10;2;29,00;Zeltlager;Beleuchtung;Mil-Tec;Nein;LS,DE,TNO;Hängende Zeltleuchte mit Aufhängehaken und Durchgangsverdrahtung.;;;;
Artikel;Deckenleuchten-Verbindungskabel 10m;Infrastruktur;10;2;14,00;Zeltlager;Kabel;Mil-Tec;Nein;LS,DE,TNO;Verbindungskabel zur Reihenschaltung von LED-Deckenleuchten in Zelten.;;;;
Artikel;Biertisch;Infrastruktur;15;4;45,00;Palettenlager;Möbel;Ruku;Nein;LS,DE,TNO;Klappbarer Holztisch 220x50cm. Stapelbar auf Palette.;;;;
Artikel;Bierbank;Infrastruktur;30;8;25,00;Palettenlager;Möbel;Ruku;Nein;LS,DE,TNO;Klappbare Holzbank 220x25cm. Stapelbar auf Palette.;;;;
Artikel;Klapptisch grün;Infrastruktur;10;2;39,00;Palettenlager;Möbel;CampFeuer;Nein;LS,DE,TNO;Witterungsbeständiger Klapptisch in Olivgrün, leicht transportierbar.;;;;
Artikel;Tarnnetz 10x5m;Infrastruktur;4;1;95,00;Lager Zelt;Tarnung;Mil-Tec;Nein;LS,DE,TNO;Großes Tarnnetz mit Trägernetz für Fahrzeug- und HQ-Tarnung.;;;;
Artikel;Tarnnetz 2x3m;Infrastruktur;8;2;25,00;Lager Zelt;Tarnung;Mil-Tec;Nein;LS,DE,TNO;Kompaktes Tarnnetz für Schützenstände und Außenposten.;;;;
Artikel;Tarnnetzstütze;Infrastruktur;30;6;15,00;Lager Zelt;Tarnung;Mil-Tec;Nein;LS,DE,TNO;Teleskopierbare Aluminium-Tarnnetzstütze mit Spreizkopf und Erdspieß.;;;;
Artikel;VP/HQ-Wegweiser;Infrastruktur;4;1;18,00;Palettenlager;Beschilderung;Schake;Nein;LS,DE,TNO;Witterungsbeständige Richtungsschilder zur Ausschilderung von HQ und Versorgungspunkten (VP).;;;;
Artikel;Fraktionsflagge 0,5x1m;Infrastruktur;12;4;15,00;Lager Zelt;Deko & Identifikation;Mil-Tec;Nein;LS,DE,TNO;Wetterfeste Fraktionsflagge mit Ösen zur Kennzeichnung von Stützpunkten.;;;;
Artikel;Fraktionsbanner 2x3m;Infrastruktur;6;2;45,00;Palettenlager;Deko & Identifikation;Schake;Nein;LS,DE,TNO;Großformatiges Banner aus robuster PVC-Plane mit Randverstärkung und Ösen.;;;;
Artikel;Schlüsselschalter;IT & Elektronik;5;2;25,00;Technik-Lager 1;Spielmechanik;AirsoftTech;Nein;LS,DE;Elektronischer 2-Positionen Schlüsselschalter inkl. 2 Schlüsseln für Missionen und Freischaltungen.;;;serialized;"SW-KEY-01, SW-KEY-02, SW-KEY-03, SW-KEY-04, SW-KEY-05"
Artikel;Blaues Band selbstklebend;Sanitätsdienst;10;2;3,50;Sanitätskiste;Verbandmaterial;Hartmann;Ja;LS,DE,TNO;Selbsthaftendes elastisches Markierungs- und Verbandband blau (10 Rollen).;;;;
Artikel;Medic Cards;Sanitätsdienst;300;50;0,25;Sanitätskiste;Spielmaterial;Eigenproduktion;Ja;LS,DE,TNO;300x Verwundeten- und Behandlungskarten für das Medic-Spielsystem.;;;;
Artikel;Weiße Verbände;Sanitätsdienst;100;20;0,80;Sanitätskiste;Verbandmaterial;Söhngen;Ja;LS,DE,TNO;Elastische weiße Mullbinden zur Erstversorgung und Treffermarkierung.;;;;
Artikel;Gaskocher 2-flammig;Infrastruktur;4;1;89,00;Küchenlager;Kochausrüstung;Campingaz;Nein;LS,DE,TNO;Nur im Freien oder in gut belüfteten Kochbereichen verwenden.;;;bulk;;;;;;;;;;;;;;;;
Artikel;Kochtopf 10 l;Infrastruktur;6;2;42,00;Küchenlager;Kochausrüstung;Contacto;Nein;LS,DE,TNO;Edelstahltopf mit Deckel für die Gruppenverpflegung.;;;bulk;;;;;;;;;;;;;;;;
Artikel;Kochtopf 5 l;Infrastruktur;6;2;29,00;Küchenlager;Kochausrüstung;Contacto;Nein;LS,DE,TNO;Edelstahltopf mit Deckel für kleinere Portionen.;;;bulk;;;;;;;;;;;;;;;;
Artikel;Bratpfanne 28 cm;Infrastruktur;4;1;24,00;Küchenlager;Kochausrüstung;Tefal;Nein;LS,DE,TNO;Robuste Pfanne für den Einsatz auf dem Gaskocher.;;;bulk;;;;;;;;;;;;;;;;
Artikel;Küchenmesser-Set;Infrastruktur;6;2;35,00;Küchenlager;Küchenwerkzeug;Victorinox;Nein;LS,DE,TNO;Messerset mit Kochmesser, Brotmesser und Schälmesser im Klingenschutz.;;;bulk;;;;;;;;;;;;;;;;
Artikel;Kochlöffel;Infrastruktur;12;4;3,50;Küchenlager;Küchenwerkzeug;Westmark;Nein;LS,DE,TNO;Hitzebeständiger Kochlöffel für große Töpfe.;;;bulk;;;;;;;;;;;;;;;;
Artikel;Schöpfkelle;Infrastruktur;8;3;7,50;Küchenlager;Küchenwerkzeug;Westmark;Nein;LS,DE,TNO;Edelstahlkelle zur Ausgabe von Suppen und Eintöpfen.;;;bulk;;;;;;;;;;;;;;;;
Artikel;Trinkwasser 1,5 l;Lebensmittel;240;60;0,45;Lebensmittellager;Getränke;Selgros;Ja;LS,DE,TNO;Flaschen kühl, trocken und vor direkter Sonne geschützt lagern.;;;bulk;;;;;;;;;;;;;;;;2028-06-30
Artikel;Bier 0,5 l Dose;Lebensmittel;240;48;0,85;Lebensmittellager;Getränke;Selgros;Ja;LS,DE,TNO;Nur für volljährige Teilnehmende und nach Veranstaltungsende ausgeben.;;;bulk;;;;;;;;;;;;;;;;2027-03-31
Artikel;Doseneintopf 800 g;Lebensmittel;120;30;2,80;Lebensmittellager;Konserven;Metro;Ja;LS,DE,TNO;Ungeöffnet trocken lagern, beschädigte oder aufgeblähte Dosen aussortieren.;;;bulk;;;;;;;;;;;;;;;;2029-12-31
Artikel;Akku-Bohrschrauber 18 V;Werkzeug & Werkstatt;4;1;179,00;Werkstattlager;Elektrowerkzeug;Bosch Professional;Nein;LS,DE,TNO;Nach Gebrauch reinigen und mit geladenem Akku zurückgeben.;;;serialized;"PWR-DRL-01, PWR-DRL-02, PWR-DRL-03, PWR-DRL-04";;;;;;;;;;;;;;2028-01-31;
Artikel;Bit-Set 32-teilig;Werkzeug & Werkstatt;6;2;24,90;Werkstattlager;Werkzeugzubehör;Bosch Professional;Nein;LS,DE,TNO;Vollständigkeit vor Rücklagerung anhand der Kassette prüfen.;;;bulk;;;;;;;;;;;;;;;;
Artikel;Ersatzakku 18 V 5 Ah;Werkzeug & Werkstatt;8;2;79,00;Werkstattlager;Akkus & Ladegeräte;Bosch Professional;Nein;LS,DE,TNO;Akkus mit etwa 50 bis 70 Prozent Ladestand einlagern.;;;bulk;;;;;;;;;;;;;;;2028-01-31;
Artikel;Klappleiter Aluminium 3m;Werkzeug & Werkstatt;3;1;129,00;Werkstattlager;Leitern & Steighilfen;Krause;Nein;LS,DE,TNO;Beidseitig begehbare Aluleiter mit Spreizsicherung. Vor Nutzung Gelenke prüfen.;;;serialized;"LDR-001, LDR-002, LDR-003";;;;;;;;;;;;;;2027-12-31;
Artikel;Teleskopleiter 3.8m;Werkzeug & Werkstatt;2;1;159,00;Garage Markus;Leitern & Steighilfen;Hailo;Nein;LS,DE;Kompakt zusammenschiebbar, ideal für Fahrzeugtransport. Einrastung der Sprossen beachten.;;;serialized;"TLD-001, TLD-002";;;;;;;;;;;;;;2027-10-31;
Artikel;Stehleiter 4 Stufen;Werkzeug & Werkstatt;2;1;69,00;Garage Stefan;Leitern & Steighilfen;Hailo;Nein;LS,DE;Leichte Haushalts- und Werkstattleiter mit Ablageschale.;;;serialized;"STL-LDR-01, STL-LDR-02";;;;;;;;;;;;;;2028-05-31;
Artikel;Werkzeugkoffer universal 108-teilig;Werkzeug & Werkstatt;3;1;119,00;Werkstattlager;Handwerkzeug;Mannesmann;Nein;LS,DE,TNO;Umfangreiches Steckschlüssel- und Schraubwerkzeugset im Alukoffer.;;;serialized;"TLS-CS-01, TLS-CS-02, TLS-CS-03";;;;;;;;;;;;;;2028-06-30;
Artikel;Akku-Winkelschleifer 18V;Werkzeug & Werkstatt;2;1;169,00;Werkstattlager;Elektrowerkzeug;Bosch Professional;Nein;LS,DE,TNO;125mm Scheibendurchmesser. Nur mit Schutzhaube und Schutzbrille betreiben.;;;serialized;"PWR-AGR-01, PWR-AGR-02";;;;;;;;;;;;;;2027-09-30;
Artikel;Akku-Handkreissäge 18V;Werkzeug & Werkstatt;2;1;199,00;Werkstattlager;Elektrowerkzeug;Bosch Professional;Nein;LS,DE,TNO;Für schnelle Zuschnitte von Barrikaden- und Camp-Holz.;;;serialized;"PWR-CSW-01, PWR-CSW-02";;;;;;;;;;;;;;2027-09-30;
Artikel;Akku-Säbelsäge 18V;Werkzeug & Werkstatt;2;1;149,00;Werkstattlager;Elektrowerkzeug;Bosch Professional;Nein;LS,DE,TNO;Für Rückschnitt von Ästen und Demontagearbeiten im Gelände.;;;serialized;"PWR-REC-01, PWR-REC-02";;;;;;;;;;;;;;2027-08-31;
Artikel;Schraubendreher-Set 12-teilig;Werkzeug & Werkstatt;6;2;29,00;Werkstattlager;Handwerkzeug;Wera;Nein;LS,DE,TNO;Schlitz- und Kreuzschraubendreher mit ergonomischem Kraftform-Griff.;;;bulk;;;;;;;;;;;;;;;;
Artikel;Maul-Ringschlüssel-Set 8-22mm;Werkzeug & Werkstatt;4;1;45,00;Werkstattlager;Handwerkzeug;Proxxon;Nein;LS,DE,TNO;15-teiliger Satz aus Chrom-Vanadium-Stahl in praktischer Rolltasche.;;;bulk;;;;;;;;;;;;;;;;
Artikel;Inbusschlüssel-Satz metrisch;Werkzeug & Werkstatt;8;2;14,50;Werkstattlager;Handwerkzeug;Wera;Nein;LS,DE,TNO;9-teiliger Sechskant-Winkelschlüsselsatz mit Kugelkopf.;;;bulk;;;;;;;;;;;;;;;;
Artikel;Torx-Schlüsselsatz;Werkzeug & Werkstatt;6;2;16,50;Werkstattlager;Handwerkzeug;Wera;Nein;LS,DE,TNO;9-teiliger Torx-Winkelschlüsselsatz T8 bis T40.;;;bulk;;;;;;;;;;;;;;;;
Artikel;Wasserpumpenzange Knipex 250mm;Werkzeug & Werkstatt;4;1;28,50;Werkstattlager;Zangen;Knipex;Nein;LS,DE,TNO;Cobra Schnellverstellzange mit gehärteten Zähnen.;;;bulk;;;;;;;;;;;;;;;;
Artikel;Kombizange 180mm;Werkzeug & Werkstatt;5;2;19,50;Werkstattlager;Zangen;Knipex;Nein;LS,DE,TNO;Kompakte Universalkombizange mit Schneide für harten Draht.;;;bulk;;;;;;;;;;;;;;;;
Artikel;Seitenschneider 160mm;Werkzeug & Werkstatt;6;2;22,00;Werkstattlager;Zangen;Knipex;Nein;LS,DE,TNO;Präziser Seitenschneider für Kabel, Drähte und Kabelbinder.;;;bulk;;;;;;;;;;;;;;;;
Artikel;Abisolierzange automatisch;Werkzeug & Werkstatt;3;1;32,00;Werkstattlager;Zangen;Jokari;Nein;LS,DE,TNO;Selbsteinstellende Zange für Leiter von 0.2 bis 6.0 mm².;;;bulk;;;;;;;;;;;;;;;;
Artikel;Crimpzange für Kabelschuhe;Werkzeug & Werkstatt;3;1;27,00;Werkstattlager;Zangen;Knipex;Nein;LS,DE,TNO;Für isolierte Kabelschuhe und Steckverbinder.;;;bulk;;;;;;;;;;;;;;;;
Artikel;Schlosserhammer 500g;Werkzeug & Werkstatt;6;2;12,50;Werkstattlager;Hämmer;Gedore;Nein;LS,DE,TNO;Robuster Schlosserhammer mit Eschenstiel.;;;bulk;;;;;;;;;;;;;;;;
Artikel;Schlosserhammer 1000g;Werkzeug & Werkstatt;4;1;18,00;Werkstattlager;Hämmer;Gedore;Nein;LS,DE,TNO;Schwerer Hammer für Pfähle und Abbrucharbeiten.;;;bulk;;;;;;;;;;;;;;;;
Artikel;Gummihammer 60mm;Werkzeug & Werkstatt;8;3;11,00;Lager Zelt;Hämmer;Peddinghaus;Nein;LS,DE,TNO;Rückschlagfreier Schonhammer für Heringe und Zeltgestänge.;;;bulk;;;;;;;;;;;;;;;;
Artikel;Vorschlaghammer 3kg;Werkzeug & Werkstatt;2;1;36,00;Werkstattlager;Hämmer;Fiskars;Nein;LS,DE,TNO;Für Bodenanker, Pfosten und schwere Feldbefestigungen.;;;serialized;"HAM-001, HAM-002";;;;;;;;;;;;;;2028-06-30;
Artikel;Brechstange / Kuhfuß 60cm;Werkzeug & Werkstatt;4;1;21,00;Werkstattlager;Handwerkzeug;Stanley;Nein;LS,DE,TNO;Kuhfuß aus hochlegiertem Federstahl für Montage- und Hebelarbeiten.;;;bulk;;;;;;;;;;;;;;;;
Artikel;Handbügelsäge Metall 300mm;Werkzeug & Werkstatt;4;1;16,50;Werkstattlager;Handwerkzeug;Bahco;Nein;LS,DE,TNO;Inklusive HSS-Bimetall-Sägeblatt für Schrauben und Rohre.;;;bulk;;;;;;;;;;;;;;;;
Artikel;Fuchsschwanz Holzsäge 450mm;Werkzeug & Werkstatt;4;1;18,50;Werkstattlager;Handwerkzeug;Bahco;Nein;LS,DE,TNO;Handsäge mit gehärteter Verzahnung für Kanthölzer und Paletten.;;;bulk;;;;;;;;;;;;;;;;
Artikel;Digitaler Messschieber 150mm;Werkzeug & Werkstatt;3;1;24,90;Werkstattlager;Messwerkzeug;Mitutoyo;Nein;LS,DE,TNO;Präzise Messung von Innen-, Außen- und Tiefenmaßen.;;;bulk;;;;;;;;;;;;;;;;
Artikel;Rollbandmaß 8m;Werkzeug & Werkstatt;8;3;9,90;Werkstattlager;Messwerkzeug;Stanley;Nein;LS,DE,TNO;Robustes Bandmaß mit magnetischem Haken und Feststeller.;;;bulk;;;;;;;;;;;;;;;;
Artikel;Laser-Entfernungsmesser 50m;Werkzeug & Werkstatt;2;1;69,00;Technik-Lager 1;Messwerkzeug;Bosch;Nein;LS,DE,TNO;Zur raschen Vermessung von Spielfeldzonen und Safezones.;;;serialized;"LDM-001, LDM-002";;;;;;;;;;;;;;2028-02-28;
Artikel;Wasserwaage 80cm Alu;Werkzeug & Werkstatt;4;1;19,90;Werkstattlager;Messwerkzeug;Stabila;Nein;LS,DE,TNO;Für waagerechte Ausrichtung von Antennenmasten und Bauten.;;;bulk;;;;;;;;;;;;;;;;
Artikel;Heißklebepistole 230V;Werkzeug & Werkstatt;3;1;22,50;Werkstattlager;Elektrowerkzeug;Steinel;Nein;LS,DE,TNO;Elektronisch geregelte Klebepistole für Requisiten- und Deko-Bau.;;;bulk;;;;;;;;;;;;;;;;
Artikel;Heißklebesticks 11mm (50 Stück);Werkzeug & Werkstatt;10;3;11,90;Werkstattlager;Klebemittel;Steinel;Ja;LS,DE,TNO;Universalklebesticks transparent für Heißklebepistole.;;;bulk;;;;;;;;;;;;;;;;
Artikel;Lötkolben-Set tragbar;Werkzeug & Werkstatt;3;1;39,90;Technik-Lager 1;Elektrowerkzeug;Weller;Nein;LS,DE,TNO;Elektronischer Lötkolben mit USB-C Stromversorgung für Feldreparaturen.;;;serialized;"SLD-001, SLD-002, SLD-003";;;;;;;;;;;;;;2027-11-30;
Artikel;Lötzinn bleifrei 100g Spule;Werkzeug & Werkstatt;6;2;9,90;Technik-Lager 1;Lötzubehör;Stannol;Ja;LS,DE,TNO;Elektroniklötzinn mit Flussmittelseele.;;;bulk;;;;;;;;;;;;;;;;
Artikel;Digitalmultimeter Auto-Range;Werkzeug & Werkstatt;4;1;49,00;Technik-Lager 1;Messwerkzeug;Voltcraft;Nein;LS,DE,TNO;Zur Messung von Gleich-/Wechselspannung, Widerstand und Durchgang.;;;serialized;"DMM-001, DMM-002, DMM-003, DMM-004";;;;;;;;;;;;;;2028-03-31;
Artikel;Stromprüfer Phasenprüfer 230V;Werkzeug & Werkstatt;8;3;3,50;Technik-Lager 1;Messwerkzeug;Wera;Nein;LS,DE,TNO;Prüfschraubendreher zur schnellen Spannungsprüfung an Schukosteckdosen.;;;bulk;;;;;;;;;;;;;;;;
Artikel;Panzertape schwarz 50m;Infrastruktur;24;8;8,90;Kabelkiste Strom;Klebemittel;Tesa;Ja;LS,DE,TNO;Reißfestes Gewebeklebeband für schnelle Reparaturen und Markierungen.;;;bulk;;;;;;;;;;;;;;;;
Artikel;Panzertape silber 50m;Infrastruktur;18;6;8,90;Kabelkiste Strom;Klebemittel;Tesa;Ja;LS,DE,TNO;Klassisches Duct Tape wasserabweisend und stark haftend.;;;bulk;;;;;;;;;;;;;;;;
Artikel;Isolierband 5er-Set farbig;Infrastruktur;12;4;4,50;Kabelkiste Strom;Klebemittel;Coroplast;Ja;LS,DE,TNO;Elektro-Isolierband in rot, blau, gelb, grün und schwarz.;;;bulk;;;;;;;;;;;;;;;;
Artikel;Kabelbinder 200x4.8mm (100 Stück);Infrastruktur;30;10;3,90;Werkstattlager;Verbindungsmaterial;HellermannTyton;Ja;LS,DE,TNO;Schwarze UV-beständige Standard-Kabelbinder für Zäune und Planen.;;;bulk;;;;;;;;;;;;;;;;
Artikel;Kabelbinder 300x4.8mm (100 Stück);Infrastruktur;25;8;5,90;Werkstattlager;Verbindungsmaterial;HellermannTyton;Ja;LS,DE,TNO;Lange Kabelbinder zur Banner- und Leitungsbefestigung.;;;bulk;;;;;;;;;;;;;;;;
Artikel;Kabelbinder 500x7.6mm Schwerlast (50 Stück);Infrastruktur;15;5;8,90;Werkstattlager;Verbindungsmaterial;HellermannTyton;Ja;LS,DE,TNO;Extra dicke Schwerlastbinder für Antennenmasten und Schilder.;;;bulk;;;;;;;;;;;;;;;;
Artikel;Klettkabelbinder 20cm (50 Stück);Infrastruktur;8;3;12,50;Kabelkiste Strom;Kabelorganisation;Fisual;Nein;LS,DE,TNO;Wiederverwendbare Klettstreifen zum Bündeln empfindlicher Kabel.;;;bulk;;;;;;;;;;;;;;;;
Artikel;Holzschrauben-Sortiment 500-teilig;Werkzeug & Werkstatt;6;2;16,90;Werkstattlager;Eisenwaren;Spax;Ja;LS,DE,TNO;Torx-Senkkopfschrauben von 3.5x30 bis 5.0x80 in Sortimentsbox.;;;bulk;;;;;;;;;;;;;;;;
Artikel;Blechschrauben-Sortiment 300-teilig;Werkzeug & Werkstatt;5;2;14,90;Werkstattlager;Eisenwaren;Dresselhaus;Ja;LS,DE,TNO;Selbstschneidende Schrauben mit Sechskant- und Kreuzkopf.;;;bulk;;;;;;;;;;;;;;;;
Artikel;Schnellbauschrauben Rigips 3.9x35mm (1000 Stück);Werkzeug & Werkstatt;4;1;18,90;Werkstattlager;Eisenwaren;Knauf;Ja;LS,DE,TNO;Phosphatierte Schnellbauschrauben mit Feingewinde für Holz/Spanplatten.;;;bulk;;;;;;;;;;;;;;;;
Artikel;WD-40 Multifunktionsöl 400ml;Werkzeug & Werkstatt;12;4;6,50;Werkstattlager;Schmiermittel;WD-40;Ja;LS,DE,TNO;Kriechöl, Rostlöser und Kontaktspray in der Sprühdose.;;;bulk;;;;;;;;;;;;;;;;
Artikel;Silikonspray für Airsoft 400ml;Werkzeug & Werkstatt;15;5;7,90;Werkstattlager;Schmiermittel;Ballistol;Ja;LS,DE,TNO;Reines Silikonspray für Magazine, O-Ringe und GBB-Ventile.;;;bulk;;;;;;;;;;;;;;;;
Artikel;Bremsenreiniger 500ml;Werkzeug & Werkstatt;12;4;3,20;Werkstattlager;Reinigungsmittel;Würth;Ja;LS,DE,TNO;Entfetter für Werkzeuge, Ketten und metallische Komponenten.;;;bulk;;;;;;;;;;;;;;;;
Artikel;Zylinderschloss-Schlüsselsatz Orga;Werkzeug & Werkstatt;4;1;35,00;Garage Markus;Schließtechnik;Abus;Nein;LS,DE;Hauptschlüsselsatz für Orga-Container, Werkzeugschränke und Büros.;;;serialized;"KEY-ORG-01, KEY-ORG-02, KEY-ORG-03, KEY-ORG-04";;;;;;;;;;;;;;2028-06-30;
Artikel;Masterschlüssel Schranke & Tore;Werkzeug & Werkstatt;3;1;45,00;Technik-Lager 1;Schließtechnik;Abus;Nein;LS,DE,TNO;Schlüsselsatz zur Zufahrtskontrolle des Spielgeländes.;;;serialized;"KEY-GATE-01, KEY-GATE-02, KEY-GATE-03";;;;;;;;;;;;;;2028-06-30;
Artikel;Vorhängeschloss Gleichschließend 4er-Set;Werkzeug & Werkstatt;6;2;29,90;Technik-Lager 1;Schließtechnik;Burg-Wächter;Nein;LS,DE,TNO;Messingschlösser mit einheitlichem Schlüssel für Lagerboxen.;;;bulk;;;;;;;;;;;;;;;;
Artikel;Zahlenschloss robust 4-stellig;Werkzeug & Werkstatt;8;3;14,90;Technik-Lager 1;Schließtechnik;Abus;Nein;LS,DE,TNO;Wetterfestes Zahlenschloss mit verstellbarem Code für Munitionskisten.;;;bulk;;;;;;;;;;;;;;;;
Artikel;Schwerlastregal Metall 180x90x40cm;Infrastruktur;4;1;55,00;Garage Markus;Lagerung & Regale;Tegometall;Nein;LS,DE;Steckregal verzinkt mit 5 Holzböden je 175kg Tragkraft.;;;bulk;;;;;;;;;;;;;;;;
Artikel;Schwerlastregal Metall 200x100x50cm;Infrastruktur;3;1;75,00;Garage Stefan;Lagerung & Regale;Tegometall;Nein;LS,DE;Breites Werkstattregal für schwere Kisten und Werkzeuge.;;;bulk;;;;;;;;;;;;;;;;
Artikel;Eurobox 60x40x32cm geschlossen grau;Infrastruktur;20;5;16,90;Garage Markus;Lagerbehälter;Auer Packaging;Nein;LS,DE,TNO;Robuste Stapelbox für Transport und permanente Einlagerung.;;;bulk;;;;;;;;;;;;;;;;
Artikel;Eurobox 60x40x22cm mit Deckel;Infrastruktur;16;4;19,50;Garage Stefan;Lagerbehälter;Auer Packaging;Nein;LS,DE,TNO;Stapelbox mit Scharnierdeckel und Schnappverschlüssen.;;;bulk;;;;;;;;;;;;;;;;
Artikel;Eurobox 40x30x22cm geschlossen grau;Infrastruktur;15;5;9,90;Garage Christian;Lagerbehälter;Auer Packaging;Nein;LS,DE,TNO;Kompakte Eurobox für Elektrozubehör und Kleinteile.;;;bulk;;;;;;;;;;;;;;;;
Artikel;Sortierkasten Kleinteile 24 Fächer;Infrastruktur;6;2;12,90;Garage Markus;Lagerbehälter;Allit;Nein;LS,DE;Sortierkasten mit herausnehmbaren Einsatzboxen für Schrauben und Dichtungen.;;;bulk;;;;;;;;;;;;;;;;
Artikel;Transparente Rollbox 60l mit Deckel;Infrastruktur;8;2;18,90;Garage Christian;Lagerbehälter;Iris Ohyama;Nein;LS,DE;Stapelbare Kunststoffkiste mit Rollen für Kleidung und Schlafsäcke.;;;bulk;;;;;;;;;;;;;;;;
Artikel;Klappbox 45l Kunststoff;Infrastruktur;12;4;7,50;Garage Markus;Lagerbehälter;Keeeper;Nein;LS,DE;Faltbare Tragebox für Einkäufe und temporäre Transporte.;;;bulk;;;;;;;;;;;;;;;;
Artikel;Dymo Beschriftungsgerät LetraTag;IT & Elektronik;2;1;29,90;Garage Markus;Büro & Kennzeichnung;Dymo;Nein;LS,DE;Handliches Etikettiergerät zur Kennzeichnung von Kisten und Kabeln.;;;serialized;"LBL-001, LBL-002";;;;;;;;;;;;;;2028-04-30;
Artikel;Dymo Schriftband 12mm schwarz/weiß (3er);IT & Elektronik;5;2;15,90;Garage Markus;Büro & Kennzeichnung;Dymo;Ja;LS,DE;Selbstklebende Kunststoff-Etikettenbänder für Dymo.;;;bulk;;;;;;;;;;;;;;;;
Artikel;Transportkarre / Sackkarre klappbar 90kg;Werkzeug & Werkstatt;2;1;49,00;Garage Markus;Transportmittel;Stanley;Nein;LS,DE;Zusammenklappbare Sackkarre mit Gummirädern für Kistentransport.;;;serialized;"CRT-001, CRT-002";;;;;;;;;;;;;;2028-05-31;
Artikel;Plattformwagen Rollwagen 150kg;Werkzeug & Werkstatt;2;1;65,00;Palettenlager;Transportmittel;Meister;Nein;LS,DE;Flacher Transportwagen mit klappbarem Schiebebügel und Feststellbremse.;;;serialized;"PLT-001, PLT-002";;;;;;;;;;;;;;2028-05-31;
Artikel;Spanngurt mit Ratsche 5m 800kg;Infrastruktur;12;4;6,90;Garage Stefan;Transportsicherung;Spanngurt Profi;Nein;LS,DE,TNO;Ein- und zweiteiliger Spanngurt mit Klemmschloss zur Ladungssicherung.;;;bulk;;;;;;;;;;;;;;;;
Artikel;Spanngurt mit Spitzhaken 6m 2000kg;Infrastruktur;8;2;14,90;Palettenlager;Transportsicherung;Spanngurt Profi;Nein;LS,DE,TNO;Schwerlastgurt mit Doppelspitzhaken für Anhänger und LKW-Beladung.;;;bulk;;;;;;;;;;;;;;;;
Artikel;Expander-Gummispanner-Set 10-teilig;Infrastruktur;10;3;8,90;Garage Christian;Transportsicherung;Master Lock;Nein;LS,DE,TNO;Elastische Gepäckspanner mit Stahlhaken in verschiedenen Längen.;;;bulk;;;;;;;;;;;;;;;;
Artikel;Propangasflasche 5kg gefüllt;Infrastruktur;6;2;49,00;Gefahrstofflager;Brennstoff;Tyczka Total;Ja;LS,DE,TNO;Stahl-Campinggasflasche mit Sicherheitsventil. Vor direkter Sonne schützen.;;;bulk;;;;;;;;;;;;;;;;
Artikel;Propangasflasche 11kg gefüllt;Infrastruktur;4;1;79,00;Gefahrstofflager;Brennstoff;Tyczka Total;Ja;LS,DE,TNO;Große Gasflasche für Gastro-Gaskocher und Heizpilze.;;;bulk;;;;;;;;;;;;;;;;
Artikel;Gasdruckregler 50mbar mit Schlauch 1.5m;Infrastruktur;5;2;19,90;Küchenlager;Kochausrüstung;GOK;Nein;LS,DE,TNO;Niederdruckregler mit integrierter Schlauchbruchsicherung für Campingkocher.;;;bulk;;;;;;;;;;;;;;;;
Artikel;Gasbräter 3-flammig Edelstahl;Infrastruktur;2;1;189,00;Küchenlager;Kochausrüstung;Activa;Nein;LS,DE,TNO;Leistungsstarker Großbräter für Bratwurst, Fleisch und Gemüsepfannen.;;;serialized;"GBR-001, GBR-002";;;;;;;;;;;;;;2027-10-31;
Artikel;Gastro-Kaffeemaschine 2 Kannen;Infrastruktur;2;1;139,00;Küchenlager;Kochausrüstung;Bartscher;Nein;LS,DE,TNO;Filterkaffeemaschine mit 2 Glaskannen und Warmhalteplatten.;;;serialized;"COF-001, COF-002";;;;;;;;;;;;;;2027-08-31;
Artikel;Isolierkanne Edelstahl 2.0l;Infrastruktur;6;2;19,50;Küchenlager;Küchenwerkzeug;Rotpunkt;Nein;LS,DE,TNO;Vakuum-Thermoskanne bruchfest für Kaffee und Teeausgabe.;;;bulk;;;;;;;;;;;;;;;;
Artikel;Pump-Thermoskanne Gastro 5.0l;Infrastruktur;4;1;42,00;Küchenlager;Küchenwerkzeug;Airpot;Nein;LS,DE,TNO;Große Pumpkanne mit Tragegriff und Drehfuß für Selbstbedienung.;;;bulk;;;;;;;;;;;;;;;;
Artikel;Wasserkocher 1.7l Edelstahl 2200W;Infrastruktur;3;1;24,90;Küchenlager;Kochausrüstung;Severin;Nein;LS,DE,TNO;Schnellkoch-Wasserkocher mit Abschaltautomatik.;;;bulk;;;;;;;;;;;;;;;;
Artikel;Mikrowelle 800W mit Grill;Infrastruktur;2;1;89,00;Küchenlager;Kochausrüstung;Severin;Nein;LS,DE;Kompakte Mikrowelle für schnelle Verpflegung der Orga-Leitung.;;;serialized;"MW-001, MW-002";;;;;;;;;;;;;;2028-01-31;
Artikel;Schneidebretter Gastro 4er-Set;Infrastruktur;5;2;22,50;Küchenlager;Küchenwerkzeug;Hygiplas;Nein;LS,DE,TNO;Farbcodierte Kunststoff-Schneidebretter nach HACCP-Standard.;;;bulk;;;;;;;;;;;;;;;;
Artikel;Grillzange Edelstahl 40cm;Infrastruktur;6;2;8,50;Küchenlager;Küchenwerkzeug;Rösle;Nein;LS,DE,TNO;Extra lange Grill- und Servierzange mit Feststellmechanismus.;;;bulk;;;;;;;;;;;;;;;;
Artikel;Fleischgabel Edelstahl;Infrastruktur;4;1;7,90;Küchenlager;Küchenwerkzeug;Westmark;Nein;LS,DE,TNO;Robuste Tranchier- und Wendergabel.;;;bulk;;;;;;;;;;;;;;;;
Artikel;Sparschäler-Set 3-teilig;Infrastruktur;4;1;6,50;Küchenlager;Küchenwerkzeug;Victorinox;Nein;LS,DE,TNO;Pendelschäler mit scharfer Edelstahlklinge für Kartoffeln und Karotten.;;;bulk;;;;;;;;;;;;;;;;
Artikel;Dosenöffner Gastro robust;Infrastruktur;4;1;14,90;Küchenlager;Küchenwerkzeug;Westmark;Nein;LS,DE,TNO;Zangendosenöffner mit gehärtetem Schneidrad für große Konservendosen.;;;bulk;;;;;;;;;;;;;;;;
Artikel;Korkenzieher & Kapselheber;Infrastruktur;6;2;4,90;Küchenlager;Küchenwerkzeug;Fackelmann;Nein;LS,DE,TNO;Klassisches Kellnermesser mit Flaschenöffner und Kapselabschneider.;;;bulk;;;;;;;;;;;;;;;;
Artikel;Edelstahl-Schüssel-Set 3-teilig;Infrastruktur;4;1;18,90;Küchenlager;Küchenwerkzeug;WMF;Nein;LS,DE,TNO;Rühr- und Servierschüsseln 1.5l, 3.0l und 5.0l.;;;bulk;;;;;;;;;;;;;;;;
Artikel;Küchenwaage digital 5kg;Infrastruktur;2;1;14,90;Küchenlager;Küchenwerkzeug;Soehnle;Nein;LS,DE;Grammgenaue Digitalwaage mit Tara-Zuwiegefunktion.;;;bulk;;;;;;;;;;;;;;;;
Artikel;Messbecher 1l Kunststoff;Infrastruktur;6;2;4,50;Küchenlager;Küchenwerkzeug;Westmark;Nein;LS,DE,TNO;Bruchsicherer Messbecher mit Literskala und Milliliter-Einteilung.;;;bulk;;;;;;;;;;;;;;;;
Artikel;Alufolie 30m x 30cm;Infrastruktur;12;4;2,40;Küchenlager;Küchenverbrauch;Toppits;Ja;LS,DE,TNO;Reißfeste Haushalts-Alufolie zum Abdecken und Grillen.;;;bulk;;;;;;;;;;;;;;;;
Artikel;Frischhaltefolie 45m x 30cm;Infrastruktur;12;4;1,95;Küchenlager;Küchenverbrauch;Toppits;Ja;LS,DE,TNO;Selbsthaftende Klarsichtfolie zum hygienischen Frischhalten von Speisen.;;;bulk;;;;;;;;;;;;;;;;
Artikel;Backpapier-Zuschnitte (50 Stück);Infrastruktur;8;2;2,80;Küchenlager;Küchenverbrauch;Toppits;Ja;LS,DE,TNO;Antihaftbeschichtete Bögen für Backöfen und Chafing Dishes.;;;bulk;;;;;;;;;;;;;;;;
Artikel;Müllsäcke 120l extra stark (25 Stück);Infrastruktur;20;6;5,50;Küchenlager;Reinigung & Entsorgung;Swirl;Ja;LS,DE,TNO;LDPE-Schwerlast-Müllsäcke blau für Camp- und Eventmüll.;;;bulk;;;;;;;;;;;;;;;;
Artikel;Müllsäcke 60l (50 Stück);Infrastruktur;15;5;3,80;Küchenlager;Reinigung & Entsorgung;Swirl;Ja;LS,DE,TNO;Standard-Zugband-Müllbeutel für Innenbereich und Zelte.;;;bulk;;;;;;;;;;;;;;;;
Artikel;Küchenrolle Papier 4er-Pack;Infrastruktur;16;5;3,40;Küchenlager;Reinigung & Entsorgung;Zewa;Ja;LS,DE,TNO;Saugstarke Küchentücher für die Küchenzeile und Spieltische.;;;bulk;;;;;;;;;;;;;;;;
Artikel;Spülmittel Konzentrat 1000ml;Infrastruktur;10;3;2,90;Küchenlager;Reinigungsmittel;Pril;Ja;LS,DE,TNO;Fettlösendes Handgeschirrspülmittel für Töpfe und Geschirr.;;;bulk;;;;;;;;;;;;;;;;
Artikel;Topfschwämme mit Scheuerseite (10er);Infrastruktur;12;4;1,90;Küchenlager;Reinigungsmittel;Vileda;Ja;LS,DE,TNO;Kratzfreie Schwämme zur schnellen Topfreinigung.;;;bulk;;;;;;;;;;;;;;;;
Artikel;Spülbürsten 3er-Set;Infrastruktur;6;2;3,90;Küchenlager;Reinigungsmittel;Vileda;Nein;LS,DE,TNO;Ergonomische Spülbürsten mit Schabkante.;;;bulk;;;;;;;;;;;;;;;;
Artikel;Geschirrtücher Baumwolle 10er-Pack;Infrastruktur;6;2;12,50;Küchenlager;Küchenwäsche;Erwin Müller;Nein;LS,DE,TNO;Kochfeste Halbleinen-Geschirrtücher 50x70cm.;;;bulk;;;;;;;;;;;;;;;;
Artikel;Einweghandschuhe Nitril Gr. L (100 Stück);Infrastruktur;10;3;9,50;Küchenlager;Hygiene;Semperguard;Ja;LS,DE,TNO;Puderfreie Lebensmittelechte Nitrilhandschuhe für Essensausgabe.;;;bulk;;;;;;;;;;;;;;;;
Artikel;Einweghandschuhe Nitril Gr. XL (100 Stück);Infrastruktur;10;3;9,50;Küchenlager;Hygiene;Semperguard;Ja;LS,DE,TNO;Puderfreie Handschuhe für Werkstatt und Grillstation.;;;bulk;;;;;;;;;;;;;;;;
Artikel;Gastro-Chafing-Dish Set Edelstahl;Infrastruktur;3;1;49,00;Küchenlager;Kochausrüstung;Olympia;Nein;LS,DE;Warmhaltebehälter GN 1/1 mit Deckel und 2 Brennpastenbehältern.;;;bulk;;;;;;;;;;;;;;;;
Artikel;Brennpaste Chafing-Dish Dose 200g;Infrastruktur;24;6;1,60;Küchenlager;Brennstoff;Olympia;Ja;LS,DE,TNO;Bio-Ethanol Brennpaste mit ca. 2.5 Stunden Brenndauer.;;;bulk;;;;;;;;;;;;;;;;
Artikel;Campinggeschirr-Set 4 Personen;Infrastruktur;4;1;29,00;Garage Christian;Geschirr;CampFeuer;Nein;LS,DE;Melamingeschirr bestehend aus Tellern, Schalen und Bechern.;;;bulk;;;;;;;;;;;;;;;;
Artikel;Edelstahl-Trinkbecher 0.3l (50 Stück);Infrastruktur;2;1;59,00;Küchenlager;Geschirr;Contacto;Nein;LS,DE,TNO;Stapelbare unzerbrechliche Mehrwegbecher für Feldeinsatz.;;;bulk;;;;;;;;;;;;;;;;
Artikel;Besteck-Set Edelstahl 24-teilig;Infrastruktur;4;1;22,00;Küchenlager;Geschirr;WMF;Nein;LS,DE,TNO;Messer, Gabeln, Esslöffel und Kaffeelöffel in Besteckkasten.;;;bulk;;;;;;;;;;;;;;;;
Artikel;Wiederverwendbare Plastikteller 20er;Infrastruktur;4;1;14,90;Küchenlager;Geschirr;Koziol;Nein;LS,DE,TNO;Spülmaschinenfeste flache Mehrwegteller bruchsicher.;;;bulk;;;;;;;;;;;;;;;;
Artikel;Senf- & Ketchup-Spenderflaschen 3er;Infrastruktur;6;2;5,90;Küchenlager;Geschirr;Westmark;Nein;LS,DE,TNO;Quetschflaschen 400ml für Grillausgabe.;;;bulk;;;;;;;;;;;;;;;;
Artikel;Trinkwasser Medium 1,5 l PET;Lebensmittel;180;40;0,45;Lebensmittellager;Getränke;Selgros;Ja;LS,DE,TNO;Sprudelwasser mit Kohlensäure.;;;bulk;;;;;;;;;;;;;;;;2028-06-30
Artikel;Mineralwasser 0,5 l PET Sixpack;Lebensmittel;30;10;2,70;Lebensmittellager;Getränke;Selgros;Ja;LS,DE,TNO;Handliche Halbliterflaschen für Marshals und Feldspieler.;;;bulk;;;;;;;;;;;;;;;;2028-06-30
Artikel;Cola 0,33 l Dose 24er Tray;Lebensmittel;10;3;14,90;Getränkelager;Getränke;Coca-Cola;Ja;LS,DE,TNO;Koffeinhaltiges Erfrischungsgetränk.;;;bulk;;;;;;;;;;;;;;;;2027-06-30
Artikel;Spezi / Cola-Mix 0,33 l 24er Tray;Lebensmittel;10;3;14,90;Getränkelager;Getränke;Paulaner;Ja;LS,DE,TNO;Mischgetränk aus Cola und Orangenlimonade.;;;bulk;;;;;;;;;;;;;;;;2027-06-30
Artikel;Zitronenlimonade 0,33 l 24er Tray;Lebensmittel;8;2;13,50;Getränkelager;Getränke;Fanta;Ja;LS,DE,TNO;Fruchtige Zitronenlimonade eiskalt servieren.;;;bulk;;;;;;;;;;;;;;;;2027-06-30
Artikel;Isotonisches Sportgetränk Citrus 0,5 l;Lebensmittel;60;15;0,95;Getränkelager;Getränke;Powerade;Ja;LS,DE,TNO;Elektrolytgetränk zur Dehydrierungsprävention bei Sommer-Events.;;;bulk;;;;;;;;;;;;;;;;2027-08-31
Artikel;Energy Drink 0,25 l Dose 24er Tray;Lebensmittel;8;2;22,50;Getränkelager;Getränke;Red Bull;Ja;LS,DE,TNO;Taurinhaltiger Energydrink für Nachtwachen und Leitstand.;;;bulk;;;;;;;;;;;;;;;;2027-09-30
Artikel;Apfelsaft naturtrüb 1,0 l TetraPak;Lebensmittel;24;6;1,29;Getränkelager;Getränke;Albi;Ja;LS,DE,TNO;Direktsaft ohne Zuckerzusatz für Apfelschorle.;;;bulk;;;;;;;;;;;;;;;;2027-05-31
Artikel;Orangensaft 100% 1,0 l TetraPak;Lebensmittel;20;5;1,49;Getränkelager;Getränke;Albi;Ja;LS,DE,TNO;100% Fruchtgehalt reich an Vitamin C.;;;bulk;;;;;;;;;;;;;;;;2027-05-31
Artikel;H-Vollmilch 3.5% 1,0 l TetraPak;Lebensmittel;30;8;1,05;Lebensmittellager;Molkereiprodukte;Weihenstephan;Ja;LS,DE,TNO;Lange ungekühlt haltbare Milch für Kaffee und Müsli.;;;bulk;;;;;;;;;;;;;;;;2027-03-31
Artikel;Hafermilch Barista 1,0 l TetraPak;Lebensmittel;20;5;1,79;Lebensmittellager;Pflanzendrinks;Oatly;Ja;LS,DE,TNO;Pflanzliche Milchalternative schäumbar.;;;bulk;;;;;;;;;;;;;;;;2027-04-30
Artikel;Röstkaffee gemahlen 500g Vakuum;Lebensmittel;24;6;5,99;Lebensmittellager;Kaffee & Tee;Jacobs;Ja;LS,DE,TNO;Klassischer Filterkaffee für Kaffeemaschinen.;;;bulk;;;;;;;;;;;;;;;;2027-10-31
Artikel;Kaffeebohnen Crema 1000g;Lebensmittel;12;4;11,90;Lebensmittellager;Kaffee & Tee;Lavazza;Ja;LS,DE,TNO;Ganze Bohnen für Vollautomaten.;;;bulk;;;;;;;;;;;;;;;;2027-10-31
Artikel;Kaffeefilter Größe 4 (100 Stück);Lebensmittel;12;4;1,49;Lebensmittellager;Kaffee & Tee;Melitta;Ja;LS,DE,TNO;Original Filtertüten für Kaffeemaschinen.;;;bulk;;;;;;;;;;;;;;;;
Artikel;Schwarzer Tee Ceylon (100 Beutel);Lebensmittel;8;2;3,99;Lebensmittellager;Kaffee & Tee;Teekanne;Ja;LS,DE,TNO;Kräftiger Schwarztee im Kuvert.;;;bulk;;;;;;;;;;;;;;;;2028-06-30
Artikel;Pfefferminztee (50 Beutel);Lebensmittel;8;2;2,49;Lebensmittellager;Kaffee & Tee;Teekanne;Ja;LS,DE,TNO;Erfrischender Kräutertee.;;;bulk;;;;;;;;;;;;;;;;2028-06-30
Artikel;Würfelzucker 1000g;Lebensmittel;10;3;1,89;Lebensmittellager;Grundnahrungsmittel;Südzucker;Ja;LS,DE,TNO;Zuckerstücke für Heißgetränke.;;;bulk;;;;;;;;;;;;;;;;2029-12-31
Artikel;Kaffeeweißer Pulver 400g;Lebensmittel;8;2;2,19;Lebensmittellager;Kaffee & Tee;Nestlé;Ja;LS,DE,TNO;Laktosefreies Pulver zur Kaffeeverfeinerung.;;;bulk;;;;;;;;;;;;;;;;2028-04-30
Artikel;Hartweizennudeln Penne 500g;Lebensmittel;40;10;1,19;Lebensmittellager;Teigwaren;Barilla;Ja;LS,DE,TNO;Formstabile Penne Rigate für Gruppenmahlzeiten.;;;bulk;;;;;;;;;;;;;;;;2029-06-30
Artikel;Hartweizennudeln Spaghetti 500g;Lebensmittel;30;8;1,19;Lebensmittellager;Teigwaren;Barilla;Ja;LS,DE,TNO;Klassische Spaghetti Nr. 5.;;;bulk;;;;;;;;;;;;;;;;2029-06-30
Artikel;Tomatensauce Napoli 400ml Glas;Lebensmittel;36;10;1,49;Lebensmittellager;Konserven;Barilla;Ja;LS,DE,TNO;Fruchtige Tomatensauce mit Basilikum verzehrfertig.;;;bulk;;;;;;;;;;;;;;;;2028-08-31
Artikel;Pesto Genovese 190g Glas;Lebensmittel;20;5;2,29;Lebensmittellager;Konserven;Barilla;Ja;LS,DE,TNO;Grünes Basilikumpesto mit Parmigiano Reggiano.;;;bulk;;;;;;;;;;;;;;;;2027-11-30
Artikel;Dosen-Ravioli in Tomatensauce 800g;Lebensmittel;60;15;2,19;Lebensmittellager;Konserven;Maggi;Ja;LS,DE,TNO;Klassischer schneller Event-Snack.;;;bulk;;;;;;;;;;;;;;;;2029-12-31
Artikel;Chili con Carne Dose 800g;Lebensmittel;48;12;2,99;Lebensmittellager;Konserven;Erasco;Ja;LS,DE,TNO;Würziger Bohneneintopf mit Rinderhackfleisch.;;;bulk;;;;;;;;;;;;;;;;2029-10-31
Artikel;Linseneintopf mit Würstchen 800g;Lebensmittel;40;10;2,89;Lebensmittellager;Konserven;Erasco;Ja;LS,DE,TNO;Herzhafter Linseneintopf mit Rauchwürstchen.;;;bulk;;;;;;;;;;;;;;;;2029-09-30
Artikel;Erbseneintopf mit Speck 800g;Lebensmittel;36;10;2,79;Lebensmittellager;Konserven;Erasco;Ja;LS,DE,TNO;Traditioneller Erbseneintopf verzehrfertig.;;;bulk;;;;;;;;;;;;;;;;2029-08-31
Artikel;Hühnernudeltopf Dose 800g;Lebensmittel;30;8;2,89;Lebensmittellager;Konserven;Erasco;Ja;LS,DE,TNO;Klare Suppe mit zartem Hühnerfleisch und Nudeln.;;;bulk;;;;;;;;;;;;;;;;2029-07-31
Artikel;Gulaschsuppe Dose 800g;Lebensmittel;30;8;3,49;Lebensmittellager;Konserven;Sonnen Bassermann;Ja;LS,DE,TNO;Deftige ungarische Gulaschsuppe.;;;bulk;;;;;;;;;;;;;;;;2029-11-30
Artikel;Apfelmus 720ml Glas;Lebensmittel;18;4;1,39;Lebensmittellager;Konserven;Odesa;Ja;LS,DE,TNO;Gezuckertes feines Apfelmus.;;;bulk;;;;;;;;;;;;;;;;2028-10-31
Artikel;Gewürzgurken süß-sauer 720ml Glas;Lebensmittel;18;4;1,59;Lebensmittellager;Konserven;Kühne;Ja;LS,DE,TNO;Knackige Delikatess-Gurken mit Kräutern.;;;bulk;;;;;;;;;;;;;;;;2028-11-30
Artikel;Speisesalz jodiert 500g;Lebensmittel;15;5;0,69;Lebensmittellager;Gewürze;Bad Reichenhaller;Ja;LS,DE,TNO;Feines Markensalz mit Jod und Fluorid.;;;bulk;;;;;;;;;;;;;;;;2032-12-31
Artikel;Pfeffer schwarz gemahlen 100g;Lebensmittel;10;3;1,99;Lebensmittellager;Gewürze;Ostmann;Ja;LS,DE,TNO;Aromatischer schwarzer Pfeffer im Streuer.;;;bulk;;;;;;;;;;;;;;;;2029-12-31
Artikel;Pflanzenöl Rapsöl 1,0 l;Lebensmittel;12;4;1,89;Lebensmittellager;Grundnahrungsmittel;Rapso;Ja;LS,DE,TNO;Hitzebeständiges neutrales Speiseöl zum Braten.;;;bulk;;;;;;;;;;;;;;;;2027-12-31
Artikel;Senf mittelscharf 200ml Tube;Lebensmittel;15;5;0,99;Lebensmittellager;Saucen;Thomy;Ja;LS,DE,TNO;Klassischer Delikatess-Senf in der Tube.;;;bulk;;;;;;;;;;;;;;;;2027-10-31
Artikel;Ketchup Delikatess 500ml Flasche;Lebensmittel;15;5;1,79;Lebensmittellager;Saucen;Heinz;Ja;LS,DE,TNO;Fruchtiger Tomatenketchup aus sonnengereiften Tomaten.;;;bulk;;;;;;;;;;;;;;;;2027-09-30
Artikel;Mayonnaise 500ml Tube;Lebensmittel;12;4;1,89;Lebensmittellager;Saucen;Thomy;Ja;LS,DE,TNO;Echte Delikatess-Mayonnaise mit 80% Rapsöl.;;;bulk;;;;;;;;;;;;;;;;2027-08-31
Artikel;Schokoriegel 24er Box;Lebensmittel;10;3;16,90;Lebensmittellager;Süßwaren;Snickers;Ja;LS,DE,TNO;Erdnuss-Karamell-Riegel für schnelle Energiezufuhr.;;;bulk;;;;;;;;;;;;;;;;2027-07-31
Artikel;Müsliriegel Schoko-Banane (24er Box);Lebensmittel;10;3;12,90;Lebensmittellager;Süßwaren;Corny;Ja;LS,DE,TNO;Vollkorn-Müsliriegel ohne künstliche Farbstoffe.;;;bulk;;;;;;;;;;;;;;;;2027-08-31
Artikel;Erdnüsse geröstet & gesalzen 200g Dose;Lebensmittel;20;5;1,29;Lebensmittellager;Snacks;Ültje;Ja;LS,DE,TNO;Vakuumversiegelte Erdnussdose.;;;bulk;;;;;;;;;;;;;;;;2027-12-31
Artikel;Kartoffelchips Paprika 150g;Lebensmittel;24;6;1,69;Lebensmittellager;Snacks;Funny-Frisch;Ja;LS,DE,TNO;Knusprige Kesselchips in Schutzatmosphäre.;;;bulk;;;;;;;;;;;;;;;;2027-04-30
Artikel;Salzstangen 250g Packung;Lebensmittel;20;5;0,99;Lebensmittellager;Snacks;Lorenz;Ja;LS,DE,TNO;Klassisches Laugengebäck mit Meersalz.;;;bulk;;;;;;;;;;;;;;;;2027-06-30
Artikel;Traubenzucker Rollen (24er Pack);Lebensmittel;8;2;9,90;Lebensmittellager;Süßwaren;Dextro Energy;Ja;LS,DE,TNO;Schnell wirksame Glukose-Täfelchen für Medic und Spieler.;;;bulk;;;;;;;;;;;;;;;;2028-12-31
Artikel;Schuko-Verlängerungskabel 5m;Infrastruktur;12;4;9,50;Kabelkiste Strom;Kabel;Brennenstuhl;Nein;LS,DE,TNO;Schuko-Gummikabel H05RR-F für Zelt- und Innenbereich.;;;bulk;;;;;;;;;;;;;;;;
Artikel;Schuko-Verlängerungskabel 25m Gummi;Infrastruktur;8;2;34,90;Kabelkiste Strom;Kabel;Brennenstuhl;Nein;LS,DE,TNO;Robustes H07RN-F Gummikabel mit IP44 Schutzkontakt-Kupplung.;;;bulk;;;;;;;;;;;;;;;;
Artikel;CEE-Steckdosenverteiler 16A;Infrastruktur;3;1;89,00;Kabelkiste Strom;Stromverteilung;Brennenstuhl;Nein;LS,DE,TNO;Verteilt 1x CEE 400V/16A auf 4x Schuko 230V und 2x CEE 16A.;;;serialized;"CEE-001, CEE-002, CEE-003";;;;;;;;;;;;;;2028-03-31;
Artikel;CEE-Verlängerungskabel 16A 25m;Infrastruktur;4;1;69,00;Kabelkiste Strom;Kabel;Brennenstuhl;Nein;LS,DE,TNO;Schweres 5x2.5mm² Starkstromkabel für Generatorenanschluss.;;;serialized;"CEE-KBL-01, CEE-KBL-02, CEE-KBL-03, CEE-KBL-04";;;;;;;;;;;;;;2028-03-31;
Artikel;Mehrfachsteckdose 8-fach 19 Zoll;Infrastruktur;6;2;22,50;Technik-Lager 1;Stromverteilung;Bachmann;Nein;LS,DE,TNO;Aluminium-Steckdosenleiste mit Überspannungsschutz für Serverrack.;;;bulk;;;;;;;;;;;;;;;;
Artikel;Patchkabel Cat.6 RJ45 2m;IT & Elektronik;25;8;3,50;Kabelkiste Netzwerk & USB;Netzwerk;Kopp;Nein;LS,DE,TNO;Kurzes Gigabit-Patchkabel für Switche und Arbeitsplatzrechner.;;;bulk;;;;;;;;;;;;;;;;
Artikel;Patchkabel Cat.6 RJ45 5m;IT & Elektronik;20;6;5,90;Kabelkiste Netzwerk & USB;Netzwerk;Kopp;Nein;LS,DE,TNO;Flexibles Netzwerkkabel für Leitstand und Außenposten.;;;bulk;;;;;;;;;;;;;;;;
Artikel;Patchkabel Cat.6 RJ45 10m;IT & Elektronik;15;5;9,90;Kabelkiste Netzwerk & USB;Netzwerk;Kopp;Nein;LS,DE,TNO;Trittfestes Cat.6 Netzwerkkabel grau.;;;bulk;;;;;;;;;;;;;;;;
Artikel;Patchkabel Cat.7 RJ45 50m Außen;IT & Elektronik;4;1;59,00;Technik-Lager 1;Netzwerk;Draka;Nein;LS,DE,TNO;UV- und witterungsbeständiges Erdkabel auf Handtrommel.;;;bulk;;;;;;;;;;;;;;;;
Artikel;Gigabit Netzwerk-Switch 8-Port PoE+;IT & Elektronik;3;1;99,00;Technik-Lager 1;Netzwerk;Ubiquiti;Nein;LS,DE,TNO;Unifi Lite 8 PoE Switch für Access Points und Kameras.;;;serialized;"SWT-001, SWT-002, SWT-003";;;;;;;;;;;;;;2028-06-30;
Artikel;Gigabit Netzwerk-Switch 16-Port;IT & Elektronik;2;1;179,00;Technik-Lager 1;Netzwerk;Ubiquiti;Nein;LS,DE,TNO;Managed 16-Port Switch im 19-Zoll Gehäuse für zentralen Leitstand.;;;serialized;"SWT-16-01, SWT-16-02";;;;;;;;;;;;;;2028-06-30;
Artikel;USB-C auf USB-C Ladekabel 100W 2m;IT & Elektronik;15;5;8,90;Kabelkiste Netzwerk & USB;Kabel;Anker;Nein;LS,DE,TNO;Geflochtenes Schnellladekabel für Laptops und Feld-PCs.;;;bulk;;;;;;;;;;;;;;;;
Artikel;USB-C auf USB-C Ladekabel 60W 1m;IT & Elektronik;15;5;6,50;Kabelkiste Netzwerk & USB;Kabel;Anker;Nein;LS,DE,TNO;Standard-USB-C-Kabel für Tracker und Powerbanks.;;;bulk;;;;;;;;;;;;;;;;
Artikel;USB-A auf USB-C Kabel 1m;IT & Elektronik;20;6;4,90;Kabelkiste Netzwerk & USB;Kabel;Anker;Nein;LS,DE,TNO;Zum Laden von Handfunkgeräten und Zubehör.;;;bulk;;;;;;;;;;;;;;;;
Artikel;USB-A auf Micro-USB Kabel 1m;IT & Elektronik;10;3;3,50;Kabelkiste Netzwerk & USB;Kabel;Anker;Nein;LS,DE,TNO;Für ältere Chronos und Kleingeräte.;;;bulk;;;;;;;;;;;;;;;;
Artikel;Lightning auf USB-C Kabel 1m;IT & Elektronik;8;3;8,90;Kabelkiste Netzwerk & USB;Kabel;Anker;Nein;LS,DE,TNO;Ladekabel für iPhones und iPads der Orga-Leitung.;;;bulk;;;;;;;;;;;;;;;;
Artikel;USB-Schnellladegerät 65W GaN;IT & Elektronik;8;3;26,90;Technik-Lager 1;Ladezubehör;Anker;Nein;LS,DE,TNO;Kompaktes 3-Port Netzteil (2x USB-C, 1x USB-A) mit Power Delivery.;;;bulk;;;;;;;;;;;;;;;;
Artikel;USB-Ladestation 10-Port 120W;IT & Elektronik;3;1;59,00;Technik-Lager 1;Ladezubehör;Anker;Nein;LS,DE,TNO;Mehrfachlader zur gleichzeitigen Ladung von 10 GPS-Trackern.;;;serialized;"CHG-USB-01, CHG-USB-02, CHG-USB-03";;;;;;;;;;;;;;2028-04-30;
Artikel;HDMI-Kabel 2.0 3m;IT & Elektronik;10;3;7,50;Technik-Lager 1;Kabel;Kopp;Nein;LS,DE,TNO;High-Speed HDMI-Kabel mit Ethernet für Monitore und Beamer.;;;bulk;;;;;;;;;;;;;;;;
Artikel;DisplayPort auf HDMI Adapterkabel 2m;IT & Elektronik;6;2;9,90;Technik-Lager 1;Kabel;Club3D;Nein;LS,DE,TNO;Zur Anbindung moderner Grafikkarten an Feld-Monitore.;;;bulk;;;;;;;;;;;;;;;;
Artikel;USB-C Multiport-Hub HDMI/LAN;IT & Elektronik;6;2;29,90;Technik-Lager 1;Adapter;Anker;Nein;LS,DE,TNO;USB-C Dock mit HDMI 4K, Gigabit LAN und 3x USB 3.0.;;;bulk;;;;;;;;;;;;;;;;
Artikel;AA-Batterien Alkaline 24er-Pack;Werkzeug & Werkstatt;20;5;9,90;Akkulager & Ladebox;Batterien;Varta Industrial;Ja;LS,DE,TNO;Auslaufsichere Industrie-Alkaline-Batterien 1.5V für Funk und Optiken.;;;bulk;;;;;;;;;;;;;;;;2032-12-31
Artikel;AAA-Batterien Alkaline 24er-Pack;Werkzeug & Werkstatt;20;5;9,90;Akkulager & Ladebox;Batterien;Varta Industrial;Ja;LS,DE,TNO;Micro-Batterien 1.5V für Stirnlampen und Fernbedienungen.;;;bulk;;;;;;;;;;;;;;;;2032-12-31
Artikel;CR123A Lithium 3V (10er-Pack);Werkzeug & Werkstatt;15;4;22,50;Akkulager & Ladebox;Batterien;Panasonic;Ja;LS,DE,TNO;Hochleistungs-Lithiumbatterien für Waffenleuchten, Laser und Nachtsichtgeräte.;;;bulk;;;;;;;;;;;;;;;;2033-12-31
Artikel;9V-Blockbatterie Alkaline 4er-Pack;Werkzeug & Werkstatt;10;3;6,90;Akkulager & Ladebox;Batterien;Varta Industrial;Ja;LS,DE,TNO;Für Rauchmelder, Multimeter und elektronische Spielmodule.;;;bulk;;;;;;;;;;;;;;;;2030-12-31
Artikel;Knopfzellen CR2032 3V (10er-Blister);Werkzeug & Werkstatt;12;4;4,90;Akkulager & Ladebox;Batterien;Varta;Ja;LS,DE,TNO;Lithium-Knopfzellen für Red-Dot Visiere und Uhren.;;;bulk;;;;;;;;;;;;;;;;2031-12-31
Artikel;Knopfzellen LR44 1.5V (10er-Blister);Werkzeug & Werkstatt;10;3;3,90;Akkulager & Ladebox;Batterien;Varta;Ja;LS,DE,TNO;Für Chronos, Mini-Laser und Kleingeräte.;;;bulk;;;;;;;;;;;;;;;;2030-12-31
Artikel;LiPo-Akku 7.4V 1200mAh 20C Stick;Werkzeug & Werkstatt;12;4;18,90;Garage Markus;Akkus;Turnigy;Nein;LS,DE;Airsoft-LiPo mit Dean/T-Stecker für M4/AK-Schäfte.;;;bulk;;;;;;;;;;;;;;;;
Artikel;LiPo-Akku 7.4V 1450mAh 30C Crane;Werkzeug & Werkstatt;10;3;21,50;Garage Stefan;Akkus;Turnigy;Nein;LS,DE;Geteilter Akku für Crane-Stocks mit Dean-Anschluss.;;;bulk;;;;;;;;;;;;;;;;
Artikel;LiPo-Akku 11.1V 1100mAh 20C Stick;Werkzeug & Werkstatt;10;3;23,90;Garage Markus;Akkus;Turnigy;Nein;LS,DE;3S LiPo für getunte Airsoft-S-AEGs mit Mosfet.;;;bulk;;;;;;;;;;;;;;;;
Artikel;LiPo-Akku 11.1V 1450mAh 30C Nunchuck;Werkzeug & Werkstatt;8;2;25,90;Garage Stefan;Akkus;Turnigy;Nein;LS,DE;Dreiteiliger 11.1V LiPo-Akku für enge Akku-Fächer.;;;bulk;;;;;;;;;;;;;;;;
Artikel;Li-Ion Akku 18650 3000mAh;Werkzeug & Werkstatt;16;4;7,50;Technik-Lager 1;Akkus;Samsung;Nein;LS,DE,TNO;Hochstromzelle 30Q für taktische Taschenlampen und Funkgeräte.;;;bulk;;;;;;;;;;;;;;;;
Artikel;LiPo Balance-Ladegerät IMAX B6 V2;Werkzeug & Werkstatt;4;1;49,00;Technik-Lager 1;Akkus & Ladegeräte;SkyRC;Nein;LS,DE,TNO;Universallader für LiPo, LiFe, NiMH und Bleiakkus mit Balancer und Netzteil.;;;serialized;"LPO-B6-01, LPO-B6-02, LPO-B6-03, LPO-B6-04";;;;;;;;;;;;;;2028-02-28;
Artikel;LiPo Kompakt-Ladegerät B3 Pro;Werkzeug & Werkstatt;6;2;14,90;Garage Markus;Akkus & Ladegeräte;Imax;Nein;LS,DE;Einfacher 2S/3S Balancer-Lader für 230V Steckdose.;;;bulk;;;;;;;;;;;;;;;;
Artikel;LiPo Safe Bag Brandschutztasche;Werkzeug & Werkstatt;10;3;9,90;Akkulager & Ladebox;Sicherheitsausrüstung;Torvol;Nein;LS,DE,TNO;Feuerfeste Schutztasche zum sicheren Laden und Lagern von LiPos.;;;bulk;;;;;;;;;;;;;;;;
Artikel;LiPo-Voltage-Checker / Warner;Werkzeug & Werkstatt;12;4;4,90;Akkulager & Ladebox;Messwerkzeug;Turnigy;Nein;LS,DE,TNO;Digitaler Tester für 1S bis 8S mit akustischem Unterspannungswarner.;;;bulk;;;;;;;;;;;;;;;;
Artikel;Autobatterie-Ladegerät Ctek MXS 5.0;Werkzeug & Werkstatt;2;1;85,00;Garage Markus;Akkus & Ladegeräte;CTEK;Nein;LS,DE;Vollautomatisches 8-Stufen-Ladegerät 12V für Pkw-, Notstrom- und Gelbatterien.;;;serialized;"CTK-001, CTK-002";;;;;;;;;;;;;;2028-04-30;
Artikel;Kfz-Starthilfekabel 35mm² 4.5m;Werkzeug & Werkstatt;2;1;34,90;Garage Stefan;Autozubehör;Cartrend;Nein;LS,DE;Vollisolierte Polzangen für Otto- und Dieselmotoren im Tragebeutel.;;;serialized;"JMP-001, JMP-002";;;;;;;;;;;;;;2028-05-31;
Artikel;Kfz-Starthilfe-Powerbank Booster 2000A;Werkzeug & Werkstatt;2;1;99,00;Werkstattlager;Autozubehör;Noco;Nein;LS,DE,TNO;Tragbarer Lithium-Starthilfestarter für 12V-Fahrzeuge und Generatoren.;;;serialized;"BST-001, BST-002";;;;;;;;;;;;;;2028-01-31;
Artikel;Kfz-Verbandkasten DIN 13164;Sanitätsdienst;6;2;12,90;Garage Markus;Erste Hilfe;Söhngen;Ja;LS,DE;Gesetzlich vorgeschriebener Pkw-Verbandkasten mit Sterilgut.;;;bulk;;;;;;;;;;;;;;;;2029-06-30
Artikel;Laptop Lenovo ThinkPad T14;IT & Elektronik;3;1;850,00;Technik-Lager 1;Computer;Lenovo;Nein;LS,DE,TNO;Robustes MIL-SPEC Notebook für Spielleitung, Check-in und Funklog.;;;serialized;"LAP-TP-01, LAP-TP-02, LAP-TP-03"
Artikel;Tablet Samsung Galaxy Tab Active 10 Zoll;IT & Elektronik;4;1;420,00;Technik-Lager 1;Computer;Samsung;Nein;LS,DE,TNO;Wasser- und staubdichtes Outdoor-Tablet mit S-Pen für Feld-Marshals.;;;serialized;"TAB-ACT-01, TAB-ACT-02, TAB-ACT-03, TAB-ACT-04"
Artikel;Bluetooth-Barcodescanner Zebra;IT & Elektronik;3;1;189,00;Technik-Lager 1;Peripherie;Zebra;Nein;LS,DE,TNO;Kabelloser 1D/2D QR-Code Scanner für Materialausgabe und Check-in.;;;serialized;"SCN-001, SCN-002, SCN-003"
Artikel;Powerbank 20.000 mAh 65W PD;IT & Elektronik;8;3;39,90;Technik-Lager 1;Stromversorgung;Anker;Nein;LS,DE,TNO;Leistungsstarke Powerbank mit USB-C Schnellladefunktion für Laptops und Handys.;;;bulk;;;;;;;;;;;;;;;;
Artikel;Powerbank 50.000 mAh Heavy Duty;IT & Elektronik;3;1;89,00;Technik-Lager 1;Stromversorgung;Baseus;Nein;LS,DE,TNO;Große Pufferbatterie mit Digitalanzeige und Tragegriff für Außenposten.;;;serialized;"PB-50K-01, PB-50K-02, PB-50K-03"
Artikel;Tragbare Powerstation 500Wh / 500W;IT & Elektronik;2;1;399,00;Technik-Lager 1;Stromversorgung;Jackery;Nein;LS,DE,TNO;Lautlose Stromstation mit 230V Steckdose, 12V Kfz und USB-Ports.;;;serialized;"PST-500-01, PST-500-02"
Artikel;Solarpanel faltbar 100W;IT & Elektronik;2;1;179,00;Technik-Lager 1;Stromversorgung;Jackery;Nein;LS,DE,TNO;Monokristallines Faltpanel mit Standfüßen zur autarken Ladung der Powerstation.;;;serialized;"SOL-100-01, SOL-100-02"
Artikel;Beamer Full HD 4000 ANSI-Lumen;IT & Elektronik;2;1;480,00;Technik-Lager 1;Präsentation;BenQ;Nein;LS,DE;Tageslicht-tauglicher Projektor für Briefings, Kartenbesprechung und Auswertung.;;;serialized;"PRJ-001, PRJ-002"
Artikel;Stativleinwand 200x150cm transportabel;IT & Elektronik;2;1;95,00;Technik-Lager 1;Präsentation;Celexon;Nein;LS,DE;Mobile Projektionswand mit stufenloser Höheneinstellung.;;;serialized;"SCR-001, SCR-002"
Artikel;PA-Aktivlautsprecherbox 200W mit Akku;IT & Elektronik;2;1;220,00;Technik-Lager 1;Audio & Durchsage;JBL;Nein;LS,DE,TNO;Wetterfester Aktivlautsprecher mit Bluetooth und Mikrofonanschluss.;;;serialized;"SPK-001, SPK-002"
Artikel;Funkmikrofon-Set mit Empfänger;IT & Elektronik;2;1;89,00;Technik-Lager 1;Audio & Durchsage;Sennheiser;Nein;LS,DE,TNO;Drahtloses Handmikrofon für Sicherheitsbriefings und Ansagen.;;;serialized;"MIC-001, MIC-002"
Artikel;Funk-Wanduhr digital DCF77;IT & Elektronik;4;1;24,90;Technik-Lager 1;Zeiterfassung;TFA Dostmann;Nein;LS,DE,TNO;Großes LCD-Display mit funkgenauer Uhrzeit für Leitstand und HQ.;;;bulk;;;;;;;;;;;;;;;;
Artikel;LoRa-Gateway Außenantenne 868 MHz;IT & Elektronik;2;1;280,00;Technik-Lager 1;Tracking-System;MikroTik;Nein;LS,DE,TNO;Wetterfestes LoRaWAN Gateway zur lückenlosen Spielerortung im Waldgelände.;;;serialized;"LOR-GW-01, LOR-GW-02"
Artikel;6-fach Funkgerät-Mehrfachladestation;Funktechnik;4;1;119,00;Funkraum;Ladetechnik;Retevis;Nein;LS,DE,TNO;6-fach Tischladegerät für Retevis Handfunkgeräte mit Einzel-Ladeanzeige.;;;serialized;"CHG-RAD-01, CHG-RAD-02, CHG-RAD-03, CHG-RAD-04"
Artikel;Funkgerät Ersatzakku Li-Ion 1800mAh;Funktechnik;16;4;14,90;Funkraum;Handfunk;Retevis;Nein;LS,DE,TNO;Original-Ersatzakku für Retevis Handfunkgeräte.;;;bulk;;;;;;;;;;;;;;;;
Artikel;Security-Headset mit Schallschlauch;Funktechnik;30;10;11,50;Funkraum;Funkzubehör;Retevis;Nein;LS,DE,TNO;Diskretes Ohrhörer-Headset mit PTT-Mikrofon und K-Stecker.;;;bulk;;;;;;;;;;;;;;;;
Artikel;Tactical PTT-Taster für Weste;Funktechnik;15;5;16,90;Funkraum;Funkzubehör;Z-Tactical;Nein;LS,DE,TNO;Robuster Druckknopf-Schalter mit Molle-Clip für taktische Westen.;;;bulk;;;;;;;;;;;;;;;;
Artikel;Kehlkopfmikrofon mit Finger-PTT;Funktechnik;8;2;29,00;Funkraum;Funkzubehör;Z-Tactical;Nein;LS,DE,TNO;Funktioniert auch bei lautem Wind und Motorenlärm zuverlässig.;;;bulk;;;;;;;;;;;;;;;;
Artikel;Handlautsprechermikrofon Schulter;Funktechnik;12;4;14,90;Funkraum;Funkzubehör;Retevis;Nein;LS,DE,TNO;Wassergeschütztes Schultermikrofon mit Gürtelclip und 3.5mm Buchse.;;;bulk;;;;;;;;;;;;;;;;
Artikel;Stabantenne Nagoya NA-771 SMA-F;Funktechnik;12;4;12,90;Funkraum;Antennen;Nagoya;Nein;LS,DE,TNO;Flexible 39cm Hochleistungsgummiwurst für höhere Reichweite.;;;bulk;;;;;;;;;;;;;;;;
Artikel;Magnetfuß-Antenne für Kfz 3m Kabel;Funktechnik;4;1;24,90;Funkraum;Antennen;Diamond;Nein;LS,DE,TNO;Fahrzeugantenne für Spielfeldfahrzeuge und Patrouillen.;;;bulk;;;;;;;;;;;;;;;;
Artikel;Funkgerät-Programmierkabel USB;Funktechnik;4;1;12,50;Funkraum;Funkzubehör;Retevis;Nein;LS,DE,TNO;FTDI-Chipsatz Kabel zum Programmieren von Kanälen und CTCSS-Codes.;;;bulk;;;;;;;;;;;;;;;;
Artikel;Megafon 50W mit Sirene & Aufnahme;Funktechnik;3;1;59,00;Technik-Lager 1;Audio & Durchsage;Monacor;Nein;LS,DE,TNO;Reichweite bis zu 1000m, Batterie- oder 12V-Betrieb für Notfalldurchsagen.;;;serialized;"MEG-001, MEG-002, MEG-003"
Artikel;Faltpavillon 3x3m wasserdicht oliv;Infrastruktur;4;1;169,00;Zeltlager;Zelte & Unterstand;Mastertent;Nein;LS,DE,TNO;Schnell aufbaubares Scherenzelt mit Alugestänge und Tragetasche.;;;serialized;"TPA-001, TPA-002, TPA-003, TPA-004";;;;;;;;;;;;;;2028-04-30;
Artikel;Faltpavillon Seitenwände 3x3m (4er);Infrastruktur;4;1;49,00;Zeltlager;Zelte & Unterstand;Mastertent;Nein;LS,DE,TNO;Inklusive Wand mit Reißverschlusstür und Wand mit Fenster.;;;bulk;;;;;;;;;;;;;;;;
Artikel;Pavillon-Gewichte Sandtaschen 4er-Set;Infrastruktur;6;2;19,90;Zeltlager;Zelte & Unterstand;Mastertent;Nein;LS,DE,TNO;Mit Sand befüllbare Klettsäcke zur Ballastsicherung bei Wind.;;;bulk;;;;;;;;;;;;;;;;
Artikel;Klappstuhl gepolstert mit Halter;Infrastruktur;24;6;19,50;Palettenlager;Möbel;CampFeuer;Nein;LS,DE,TNO;Bequemer Faltstuhl mit Flaschenhalter und Packsack.;;;bulk;;;;;;;;;;;;;;;;
Artikel;Feldbett Aluminium klappbar BW-Art;Infrastruktur;12;4;49,00;Zeltlager;Möbel;Mil-Tec;Nein;LS,DE,TNO;Militärisches Feldbett mit verstärktem Bezug und Alugestänge.;;;bulk;;;;;;;;;;;;;;;;
Artikel;Schlafsack Mumie 3-Jahreszeiten oliv;Infrastruktur;8;2;39,90;Garage Stefan;Camping & Schlaf;Mil-Tec;Nein;LS,DE;Komfortbereich bis 0°C, waschbar und kompakt komprimierbar.;;;bulk;;;;;;;;;;;;;;;;
Artikel;Isomatte Schaumstoff faltbar oliv;Infrastruktur;12;4;14,90;Garage Stefan;Camping & Schlaf;Mil-Tec;Nein;LS,DE;Kälteisolierende Bundeswehr-Faltmatte.;;;bulk;;;;;;;;;;;;;;;;
Artikel;Bauzaun-Laufrolle mit Schelle;Infrastruktur;6;2;24,90;Palettenlager;Absperrung;Schake;Nein;LS,DE,TNO;Gummierte Laufrolle zur Umrüstung von Zaunelementen in Schiebetore.;;;bulk;;;;;;;;;;;;;;;;
Artikel;Bauzaun-Drehkreuz Personentor;Infrastruktur;2;1;240,00;Palettenlager;Absperrung;Schake;Nein;LS,DE,TNO;Abschließbares Personentor 1.2m breit für Eingangskontrolle.;;;serialized;"TOR-001, TOR-002"
Artikel;Absperrband rot-weiß 500m Abrollbox;Infrastruktur;15;5;9,90;Palettenlager;Kennzeichnung;Schake;Ja;LS,DE,TNO;Reißfestes Flatterband zur Kennzeichnung von No-Go-Areas und Gefahrenstellen.;;;bulk;;;;;;;;;;;;;;;;
Artikel;Leitkegel / Pylone 50cm reflektierend;Infrastruktur;16;4;14,50;Palettenlager;Kennzeichnung;Schake;Nein;LS,DE,TNO;Flexibler PVC-Pylon mit 2 Reflexstreifen nach StVO.;;;bulk;;;;;;;;;;;;;;;;
Artikel;Erdanker Schraubheringe 40cm (6er);Infrastruktur;10;3;19,90;Lager Zelt;Verbindungsmaterial;Peggy Peg;Nein;LS,DE,TNO;Stahlschraubheringe für harte und steinige Böden.;;;bulk;;;;;;;;;;;;;;;;
Artikel;Abspannseil Paracord 550 oliv 50m;Infrastruktur;12;4;11,90;Lager Zelt;Verbindungsmaterial;Mil-Tec;Ja;LS,DE,TNO;7-adriges Nylon-Kernmantelseil mit 250kg Bruchlast.;;;bulk;;;;;;;;;;;;;;;;
Artikel;Gewebeplane 4x6m wasserdicht mit Ösen;Infrastruktur;8;2;16,90;Lager Zelt;Tarnung;Mil-Tec;Nein;LS,DE,TNO;Reißfeste Abdeckplane oliv/braun mit umlaufenden Aluminiumösen.;;;bulk;;;;;;;;;;;;;;;;
Artikel;Gewebeplane 6x8m wasserdicht mit Ösen;Infrastruktur;6;2;29,90;Lager Zelt;Tarnung;Mil-Tec;Nein;LS,DE,TNO;Großplane zum wetterfesten Schutz von Kisten und Paletten.;;;bulk;;;;;;;;;;;;;;;;
Artikel;Feldspaten klappbar mit Tasche;Werkzeug & Werkstatt;6;2;19,90;Werkstattlager;Handwerkzeug;Mil-Tec;Nein;LS,DE,TNO;3-teiliger Klappspaten mit Sägekante und Hacke.;;;bulk;;;;;;;;;;;;;;;;
Artikel;Baustellen-Schaufel Holzkiel;Werkzeug & Werkstatt;4;1;14,90;Werkstattlager;Handwerkzeug;Freund Victoria;Nein;LS,DE,TNO;Holsteiner Schaufel Gr. 2 für Schüttgüter und Erdreich.;;;bulk;;;;;;;;;;;;;;;;
Artikel;Straßenbesen mit Stiel 60cm;Werkzeug & Werkstatt;4;1;12,90;Werkstattlager;Reinigungsmittel;Freund Victoria;Nein;LS,DE,TNO;Grober Besen mit Elaston-Borsten für Außenbereiche und Pavillons.;;;bulk;;;;;;;;;;;;;;;;
Artikel;Handfeger & Kehrblech Metall;Werkzeug & Werkstatt;6;2;8,50;Werkstattlager;Reinigungsmittel;Nölle;Nein;LS,DE,TNO;Feuerfestes Kehrset aus verzinktem Blech.;;;bulk;;;;;;;;;;;;;;;;
Artikel;Baueimer 20l Kunststoff schwarz;Werkzeug & Werkstatt;10;3;3,50;Werkstattlager;Behälter;Mörtelboy;Nein;LS,DE,TNO;Schwerer Mörtelabfall- und Wischeimer mit Metallbügel.;;;bulk;;;;;;;;;;;;;;;;
Artikel;Mülltonnenständer 120l klappbar;Infrastruktur;6;2;18,90;Palettenlager;Reinigung & Entsorgung;Wenko;Nein;LS,DE,TNO;Verzinkter Rohrrahmenständer mit Klemmring für Müllsäcke.;;;bulk;;;;;;;;;;;;;;;;
Artikel;Standascher wetterfest Metall;Infrastruktur;6;2;29,00;Palettenlager;Raucherbereich;Durable;Nein;LS,DE,TNO;Selbstlöschender Standascher für Safezone und Raucherinseln.;;;bulk;;;;;;;;;;;;;;;;
Artikel;Erste-Hilfe-Koffer Groß DIN 13157;Sanitätsdienst;3;1;69,00;Sanitätskiste;Erste Hilfe;Söhngen;Nein;LS,DE,TNO;Betrieblicher Verbandkoffer mit Wandhalterung und Siegel.;;;serialized;"MED-BOX-01, MED-BOX-02, MED-BOX-03";;;;;;;;;;;;;;2029-06-30;
Artikel;Tourniquet CAT Gen7 taktisch;Sanitätsdienst;10;3;34,90;Sanitätskiste;Traumaversorgung;C-A-T Resources;Ja;LS,DE,TNO;Original Combat Application Tourniquet zur Blutsperre bei Extremitätenverletzung.;;;bulk;;;;;;;;;;;;;;;;
Artikel;Emergency Israeli Bandage 15cm;Sanitätsdienst;15;5;9,50;Sanitätskiste;Traumaversorgung;First Care Products;Ja;LS,DE,TNO;Druckverband mit integrierter Druckspange und Verschlussbügel.;;;bulk;;;;;;;;;;;;;;;;2030-06-30
Artikel;Rettungsdecke Gold/Silber 160x210cm;Sanitätsdienst;30;10;1,50;Sanitätskiste;Wärmeschutz;Söhngen;Ja;LS,DE,TNO;Aluminisierte Schutzfolie gegen Unterkühlung und Überhitzung.;;;bulk;;;;;;;;;;;;;;;;
Artikel;Wunddesinfektion Octenisept 250ml;Sanitätsdienst;8;2;6,90;Sanitätskiste;Desinfektion;Schülke;Ja;LS,DE,TNO;Schmerzfreie Wund- und Schleimhautdesinfektion Sprayflasche.;;;bulk;;;;;;;;;;;;;;;;2028-09-30
Artikel;Händedesinfektionsmittel 500ml;Sanitätsdienst;12;4;4,50;Sanitätskiste;Desinfektion;Bode Sterillium;Ja;LS,DE,TNO;Händedesinfektion mit Pumpe für Sanitäts- und Küchenbereich.;;;bulk;;;;;;;;;;;;;;;;2028-09-30
Artikel;Zeckenzange Edelstahl;Sanitätsdienst;8;3;4,90;Sanitätskiste;Instrumente;Romed;Nein;LS,DE,TNO;Präzisionszange mit Kreuzfeder zur sicheren Zeckenentfernung.;;;bulk;;;;;;;;;;;;;;;;
Artikel;Blasenpflaster-Sortiment (10 Stück);Sanitätsdienst;15;5;7,90;Sanitätskiste;Verbandmaterial;Compeed;Ja;LS,DE,TNO;Hydrokolloid-Pflaster für Fersen und Zehen.;;;bulk;;;;;;;;;;;;;;;;2029-06-30
Artikel;Wundpflaster-Set elastisch (50 Stück);Sanitätsdienst;15;5;4,50;Sanitätskiste;Verbandmaterial;Hansaplast;Ja;LS,DE,TNO;Atmungsaktive Wundschnellverbände in diversen Größen.;;;bulk;;;;;;;;;;;;;;;;2029-06-30
Artikel;Sofort-Kälte-Kompresse (20 Stück);Sanitätsdienst;20;5;1,20;Sanitätskiste;Kühlung;Söhngen;Ja;LS,DE,TNO;Selbstaktivierende Kühlpackung bei Prellungen und Zerrungen.;;;bulk;;;;;;;;;;;;;;;;2029-12-31
Artikel;Augenspülflasche 500ml NaCl 0.9%;Sanitätsdienst;6;2;9,90;Sanitätskiste;Augenspülung;Plum;Ja;LS,DE,TNO;Sterile Kochsalzlösung mit ergonomischer Augenschale gegen Fremdkörper.;;;bulk;;;;;;;;;;;;;;;;2028-10-31
Artikel;Sanitäts-Tragetuch faltbar 8 Griffe;Sanitätsdienst;2;1;45,00;Sanitätskiste;Transport;Söhngen;Nein;LS,DE,TNO;Wasserabweisendes Patiententragetuch bis 150kg Belastung.;;;serialized;"STR-001, STR-002"
Artikel;Fieberthermometer digital flexibel;Sanitätsdienst;4;1;6,50;Sanitätskiste;Diagnostik;Geratherm;Nein;LS,DE,TNO;Schnelles Digitalthermometer mit flexibler Spitze.;;;bulk;;;;;;;;;;;;;;;;
Artikel;Kleiderschere Rettungsschere 19cm;Sanitätsdienst;6;2;5,50;Sanitätskiste;Instrumente;Söhngen;Nein;LS,DE,TNO;Abgewinkelte Schere zum Aufschneiden von Kleidung und Schuhen.;;;bulk;;;;;;;;;;;;;;;;
Artikel;Grünes Band selbstklebend;Sanitätsdienst;10;2;3,50;Sanitätskiste;Verbandmaterial;Hartmann;Ja;LS,DE,TNO;Elastisches selbsthaftendes Markierungsband grün.;;;bulk;;;;;;;;;;;;;;;;
Artikel;Rotes Band selbstklebend;Sanitätsdienst;10;2;3,50;Sanitätskiste;Verbandmaterial;Hartmann;Ja;LS,DE,TNO;Elastisches selbsthaftendes Markierungsband rot.;;;bulk;;;;;;;;;;;;;;;;
Artikel;Pulver-Feuerlöscher 6kg ABC;Infrastruktur;4;1;49,00;Technik-Lager 1;Brandschutz;Gloria;Nein;LS,DE,TNO;Dauerdrucklöscher für Brandklassen A, B und C mit Manometer.;;;serialized;"EXT-ABC-01, EXT-ABC-02, EXT-ABC-03, EXT-ABC-04";;;;;;;;;;;;;;2028-06-30;
Artikel;CO2-Feuerlöscher 5kg;Infrastruktur;3;1;79,00;Technik-Lager 1;Brandschutz;Gloria;Nein;LS,DE,TNO;Rückstandsfreier Kohlendioxidlöscher für Elektronik und Server.;;;serialized;"EXT-CO2-01, EXT-CO2-02, EXT-CO2-03";;;;;;;;;;;;;;2028-06-30;
Artikel;Löschdecke 120x180cm im Hardcase;Infrastruktur;5;2;18,90;Küchenlager;Brandschutz;Gloria;Nein;LS,DE,TNO;Feuerfeste Glasfasertuchdecke nach DIN EN 1869 für Küchenbrände.;;;bulk;;;;;;;;;;;;;;;;
Artikel;Warnweste EN ISO 20471 gelb;Infrastruktur;30;10;3,50;Technik-Lager 1;Schutzausrüstung;Korntex;Nein;LS,DE,TNO;Fluoreszierende Sicherheitsweste für Marshals und Aufbau-Crew.;;;bulk;;;;;;;;;;;;;;;;
Artikel;Warnweste EN ISO 20471 orange;Infrastruktur;30;10;3,50;Technik-Lager 1;Schutzausrüstung;Korntex;Nein;LS,DE,TNO;Sicherheitsweste orange mit 2 Reflexstreifen.;;;bulk;;;;;;;;;;;;;;;;
Artikel;Schutzbrille klar EN 166 Anti-Beschlag;Werkzeug & Werkstatt;40;10;9,50;Werkstattlager;Schutzausrüstung;Bollé Safety;Nein;LS,DE,TNO;Beschlagfreie Schutzbrille mit Panoramascheibe auch für Airsoft zugelassen.;;;bulk;;;;;;;;;;;;;;;;
Artikel;Schutzbrille getönt EN 166;Werkzeug & Werkstatt;20;5;10,50;Werkstattlager;Schutzausrüstung;Bollé Safety;Nein;LS,DE,TNO;Sonnenschutz-Sicherheitsbrille UV400 für Außeneinsatz.;;;bulk;;;;;;;;;;;;;;;;
Artikel;Kapselgehörschutz 3M Peltor Optime I;Werkzeug & Werkstatt;10;3;22,00;Werkstattlager;Schutzausrüstung;3M;Nein;LS,DE,TNO;Leichter Kapselgehörschutz für Säge- und Schleifarbeiten.;;;bulk;;;;;;;;;;;;;;;;
Artikel;Schaumstoff-Gehörschutzstöpsel (200 Paar);Werkzeug & Werkstatt;6;2;24,90;Werkstattlager;Schutzausrüstung;Bilsom;Ja;LS,DE,TNO;Konische PU-Gehörschutzstöpsel in der Spenderbox.;;;bulk;;;;;;;;;;;;;;;;
Artikel;Montage-Arbeitshandschuhe Gr. 9;Werkzeug & Werkstatt;25;8;3,90;Werkstattlager;Schutzausrüstung;Guide;Nein;LS,DE,TNO;Atmungsaktive Feinstrickhandschuhe mit PU-Innenhandbeschichtung.;;;bulk;;;;;;;;;;;;;;;;
Artikel;Montage-Arbeitshandschuhe Gr. 10;Werkzeug & Werkstatt;25;8;3,90;Werkstattlager;Schutzausrüstung;Guide;Nein;LS,DE,TNO;Robuste Grifffeste Handschuhe Gr. XL.;;;bulk;;;;;;;;;;;;;;;;
Artikel;Bauhelm Schutzhelm weiß EN 397;Werkzeug & Werkstatt;8;2;14,90;Werkstattlager;Schutzausrüstung;Uvex;Nein;LS,DE,TNO;Helmschale aus PE mit 6-Punkt-Gurtband für Aufbauarbeiten in der Höhe.;;;bulk;;;;;;;;;;;;;;;;
Artikel;Chronograph Xcortech X3200 MK3;IT & Elektronik;3;1;75,00;Technik-Lager 1;Messwerkzeug;Xcortech;Nein;LS,DE,TNO;Mündungsgeschwindigkeits- und Joule-Messgerät mit Display und Stativgewinde.;;;serialized;"CHR-001, CHR-002, CHR-003";;;;;;;;;;;;;;2028-05-31;
Artikel;Bio BBs 0.20g 1kg Beutel (~5000 Stk);Airsoft;30;10;11,90;Lager Zelt;Munition;G&G Armament;Ja;LS,DE,TNO;Biologisch abbaubare Präzisions-BBs 5.95mm für Chrono-Check.;;;bulk;;;;;;;;;;;;;;;;
Artikel;Bio BBs 0.25g 1kg Beutel (~4000 Stk);Airsoft;50;15;13,90;Lager Zelt;Munition;G&G Armament;Ja;LS,DE,TNO;Standardgewicht für Pistolen und Sturmgewehre im Waldgelände.;;;bulk;;;;;;;;;;;;;;;;
Artikel;Bio BBs 0.28g 1kg Beutel (~3570 Stk);Airsoft;50;15;15,90;Lager Zelt;Munition;G&G Armament;Ja;LS,DE,TNO;Präzisionsmunition für getunte S-AEGs und DMRs.;;;bulk;;;;;;;;;;;;;;;;
Artikel;Bio BBs 0.32g 1kg Beutel (~3125 Stk);Airsoft;30;10;17,90;Lager Zelt;Munition;Geoff;Ja;LS,DE,TNO;Schwere Scharfschützen-Bio-BBs für maximale Flugstabilität.;;;bulk;;;;;;;;;;;;;;;;
Artikel;Green Gas 1000ml Flasche mit Silikon;Airsoft;24;6;11,50;Gefahrstofflager;Treibgas;Pro Tech;Ja;LS,DE,TNO;Treibgas 12 bar für Gas-Blowback Pistolen und Gewehre.;;;bulk;;;;;;;;;;;;;;;;
Artikel;12g CO2-Kapseln (50er Karton);Airsoft;15;4;24,90;Gefahrstofflager;Treibgas;Umarex;Ja;LS,DE,TNO;Reine Kohlendioxidkapseln für CO2-Waffen.;;;bulk;;;;;;;;;;;;;;;;
Artikel;Dead-Rag / Treffertuch rot mit Clip;Airsoft;60;20;2,50;Lager Zelt;Spielmaterial;Viper;Nein;LS,DE,TNO;Signaltuch zur Kennzeichnung von 'Hit' / Verwundung.;;;bulk;;;;;;;;;;;;;;;;
Artikel;Speedloader 450 BBs M4-Form;Airsoft;20;5;6,50;Lager Zelt;Ausrüstung;Cyma;Nein;LS,DE,TNO;Schnellladehilfe im Magazindesign für Midcap-Magazine.;;;bulk;;;;;;;;;;;;;;;;
Artikel;Waffenreinigungs-Set universal;Airsoft;6;2;14,90;Werkstattlager;Pflege;Mil-Tec;Nein;LS,DE,TNO;Putzstöcke, Bronzebürsten und Wollwischer im Aufbewahrungsrohr.;;;bulk;;;;;;;;;;;;;;;;
Artikel;Silikon-Öl 100% 50ml Tropfflasche;Werkzeug & Werkstatt;10;3;4,50;Werkstattlager;Pflege;Abbey;Ja;LS,DE,TNO;Harz- und säurefreies Silikonöl für Zylinder und Dichtungen.;;;bulk;;;;;;;;;;;;;;;;
Artikel;Zielscheibenkasten Metall 14x14cm;Airsoft;6;2;14,90;Lager Zelt;Spielfeld;Umarex;Nein;LS,DE,TNO;Kugelfangtrichter aus Stahlblech für Chrono- und Einschießstand.;;;bulk;;;;;;;;;;;;;;;;
Artikel;Schießscheiben 14x14cm (100 Stück);Airsoft;12;4;3,90;Lager Zelt;Spielfeld;Umarex;Ja;LS,DE,TNO;Pappzielscheiben mit 10er Ring-Spiegel.;;;bulk;;;;;;;;;;;;;;;;
Artikel;Spielfeld-Zonenschild Safezone Alu;Infrastruktur;6;2;16,90;Palettenlager;Beschilderung;Schake;Nein;LS,DE,TNO;Alu-Verbundschild 40x30cm 'Safezone - Magazin entnehmen, Waffe sichern'.;;;bulk;;;;;;;;;;;;;;;;
Artikel;Spielfeld-Zonenschild Respawn Alu;Infrastruktur;8;2;16,90;Palettenlager;Beschilderung;Schake;Nein;LS,DE,TNO;Alu-Verbundschild 40x30cm 'Respawn-Zone'.;;;bulk;;;;;;;;;;;;;;;;
Artikel;RFID-Spielerkarte PVC (100er-Pack);IT & Elektronik;5;2;29,90;Technik-Lager 1;Spielmechanik;AirsoftTech;Ja;LS,DE,TNO;Mifare Classic 1K RFID-Karten für Flaggenpunkte und Checkpoints.;;;bulk;;;;;;;;;;;;;;;;
Baugruppe;Elektronische Feldsystem-Baugruppe;;;;;;;;;LS,DE;System mindestens 2h vor Spielstart in Betrieb nehmen und alle Tracker synchronisieren.;"GPS-Feldtracker: 20; Tracker-Basisstation: 1; Feld-PC Intel: 1; Feld-Monitor 24 Zoll: 1; Tastatur- & Maus-Set: 1; Uplink-Station: 1; HQ-Flaggenpunkt-Station: 1; Schlüsselschalter: 2";Komplettes elektronisches Feld- und Spielleitungs-Set mit Tracking, Auswertung, HQ-Flaggenpunkt und 2 Schlüsselschaltern;;
Baugruppe;HQ-Interne;;;;;;;;;LS,DE,TNO;Starlink-Terminal mit freier Sicht zum Himmel aufstellen, Router wettergeschützt platzieren.;"Starlink: 1; Access Point (U6 Mesh): 1; Router (Cloud Gateway): 1; Patchkabel Cat.6 RJ45 20m: 1";Autarkes Internet- und Geländewlan-Set für Orga-Leitung, Livestream und Feldvernetzung;;
Baugruppe;HQ-Funkstation;;;;;;;;;LS,DE,TNO;Antenne auf Stativ/Mast min. 4m über Grund positionieren. SWR vor Sendebetrieb prüfen.;"HQ-Funkgerät: 1; HQ-Funkgerät-Antenne Mastfuß: 1";Zentrales Funkset für Spielleitung und Notfallkanal mit Hochantenne;;
Baugruppe;Funken-HQ;;;;;;;;;LS,DE,TNO;Kanäle vor Ausgabe einstellen, Akkus vor Spieltag vollständig laden.;"Handfunkgerät: 8";8er-Set Handfunkgeräte für Marshals, Schiedsrichter und Spielfeld-Koordination;;
Baugruppe;Funken-Truppführer;;;;;;;;;LS,DE,TNO;Kanäle vor Ausgabe einstellen, Akkus vor Spieltag vollständig laden.;"Handfunkgerät: 8";8er-Set Handfunkgeräte für Marshals, Schiedsrichter und Spielfeld-Koordination;;
Baugruppe;Bauzaun-Einheit;;;;;;;;;LS,DE,TNO;"Banner mit Kabelbindern straff spannen; bei Sturmwarnung Banner demontieren.";"Bauzaun 3.5m x 2.0m: 1; Bauzaunbanner / Sichtschutz: 1; Bauzaunfuß Beton: 1; Bauzaunschelle Verbindungsklammer Stahl: 1";Komplettes Absperrelement inklusive Sichtschutzbanner, Standfuß und Verbindungsschelle;;
Baugruppe;Notstrom-Einheit 3,5 kW;;;;;;;;;LS,DE,TNO;Generator mit ausreichend Abstand zu Zelten aufstellen und erden. Feuerlöscher bereitstellen.;"Benzingenerator 3,5 kW: 1; Benzinkanister 20l: 1";Mobile Stromversorgung bestehend aus 3,5 kW Benzingenerator und 20l Kraftstoffkanister;;
Baugruppe;Biertischgarnitur;;;;;;;;;LS,DE,TNO;Garnitur trocken und sauber einlagern.;"Biertisch: 1; Bierbank: 2";Standard Biertischgarnitur bestehend aus 1x Biertisch und 2x Bierbank;;
Baugruppe;Tischbaugruppe;;;;;;;;;LS,DE,TNO;Schnell aufbaubare Sitzgarnitur für HQ oder Aufenthaltsbereiche.;"Klapptisch grün: 1; Bierbank: 2";Tischgarnitur bestehend aus 1x Klapptisch grün und 2x Bierbank;;
Baugruppe;Tarnnetz-Einheit groß;;;;;;;;;LS,DE,TNO;Bei starkem Wind zusätzliche Abspannung mit Spannleinen erforderlich.;"Tarnnetz 10x5m: 1; Tarnnetzstütze: 6";Großes Tarnsystem für Stellungen und Fahrzeuge inkl. 6 Teleskopstützen;;
Baugruppe;Tarnnetz-Einheit klein;;;;;;;;;LS,DE,TNO;Kompakt im Tragesack verpackt.;"Tarnnetz 2x3m: 1; Tarnnetzstütze: 3";Kleines Tarnset für Beobachtungsposten und Schützenstände inkl. 3 Stützen;;
Baugruppe;Akku-Schrauber;;;;;;;;;LS,DE,TNO;Bohrer, Bit-Set und Ersatzakku gemeinsam ausgeben und vollständig zurücknehmen.;"Akku-Bohrschrauber 18 V: 1; Bit-Set 32-teilig: 1; Ersatzakku 18 V 5 Ah: 1";Mobiles Elektrowerkzeug-Set für Auf- und Abbauarbeiten;;
Baugruppe;Werkzeug-Aufbauset mobil;;;;;;;;;LS,DE,TNO;Für schnelle Reparaturen und Vor-Ort-Aufbauarbeiten.;"Akku-Bohrschrauber 18 V: 1; Bit-Set 32-teilig: 1; Ersatzakku 18 V 5 Ah: 1; Schlosserhammer 500g: 1; Rollbandmaß 8m: 1; Panzertape schwarz 50m: 1";Mobiles Werkzeugset für Aufbau-Teams;;
Baugruppe;Werkzeugausleihe Leiter & Säge;;;;;;;;;LS,DE;Kurzzeitige Ausleihe für Zelt- und Barrikadenbau.;"Klappleiter Aluminium 3m: 1; Fuchsschwanz Holzsäge 450mm: 1; Schlosserhammer 1000g: 1; Panzertape schwarz 50m: 1";Werkzeugausleih-Set für schwere Montagearbeiten;;
Baugruppe;Zeltaufbau-Werkzeugset;;;;;;;;;LS,DE,TNO;Ideal zum schnellen Verankern von Großzelten.;"Gummihammer 60mm: 2; Erdanker Schraubheringe 40cm (6er): 2; Abspannseil Paracord 550 oliv 50m: 1; Klappleiter Aluminium 3m: 1";Werkzeugset für Zeltaufbau;;
Baugruppe;Große Leiter-Einheit;;;;;;;;;LS,DE;Für Antennenmontage und hohe Bauten.;"Klappleiter Aluminium 3m: 1; Teleskopleiter 3.8m: 1; Montage-Arbeitshandschuhe Gr. 10: 2";Leiter-Kombi für Aufbauarbeiten in der Höhe;;
Baugruppe;Schlüssel-Ausleihset Marshall;;;;;;;;;LS,DE;Nur gegen Unterschrift an autorisierte Spielleiter ausgeben.;"Zylinderschloss-Schlüsselsatz Orga: 1; Masterschlüssel Schranke & Tore: 1";Zentraler Torschlüssel- und Containersatz;;
Baugruppe;Pavillon-Komplettset;;;;;;;;;LS,DE,TNO;Sandsäcke bei Wind immer montieren.;"Faltpavillon 3x3m wasserdicht oliv: 1; Faltpavillon Seitenwände 3x3m (4er): 1; Pavillon-Gewichte Sandtaschen 4er-Set: 1; Klapptisch grün: 1";Komplettes 3x3m Zeltmodul mit Wänden und Tisch;;
Baugruppe;Marshal-Leitstand Basis;;;;;;;;;LS,DE;Feldleitstand für Marshals.;"Faltpavillon 3x3m wasserdicht oliv: 1; Klapptisch grün: 1; Klappstuhl gepolstert mit Halter: 2; Warnweste EN ISO 20471 gelb: 2";Mobiles Schiedsrichter- und Streckenposten-Camp;;
Baugruppe;Camp-Beleuchtungsset Flutlicht;;;;;;;;;LS,DE,TNO;Immer vor Feuchtigkeit geschützt verkabeln.;"LED-Flutlicht 100W weiß: 2; Kabeltrommel 50m: 1; Verlängerungskabel 10m: 2";Leistungsstarke 200W Beleuchtung für Zufahrt und Camp;;
Baugruppe;Spawn-Beleuchtungsset RGB;;;;;;;;;LS,DE,TNO;Farben per IR-Fernbedienung auf Fraktionsfarbe anpassen.;"LED-Flutlicht RGB 20W: 4; Mehrfachsteckdose 5-fach: 1; Verlängerungskabel 10m: 2";Vierfacher RGB-Markierungsflutersatz;;
Baugruppe;Großes Zeltbeleuchtungs-Set;;;;;;;;;LS,DE,TNO;Leuchten in Reihe im Zeltfirst aufhängen.;"LED-Deckenleuchte: 4; Deckenleuchten-Verbindungskabel 10m: 4; Verlängerungskabel 10m: 1";Ausleuchtung für 20-Personen Aufenthaltszelt;;
Baugruppe;Starkstrom-Verteilereinheit;;;;;;;;;LS,DE,TNO;Vor Regen geschützt betreiben.;"CEE-Steckdosenverteiler 16A: 1; CEE-Verlängerungskabel 16A 25m: 1; Kabeltrommel 50m: 2";Starkstrom-Verteilung auf Schuko;;
Baugruppe;Stromnetz-Ausbau Außenposten;;;;;;;;;LS,DE,TNO;Kabel bei Wegen mit Brücken oder Erde schützen.;"Kabeltrommel 50m: 2; Schuko-Verlängerungskabel 25m Gummi: 2; Mehrfachsteckdose 5-fach: 2";150 Meter Stromreichweite für Außenstationen;;
Baugruppe;Feld-Küche Basis;;;;;;;;;LS,DE,TNO;Gasschlauch vor jedem Einsatz auf Risse prüfen.;"Gaskocher 2-flammig: 1; Propangasflasche 5kg gefüllt: 1; Gasdruckregler 50mbar mit Schlauch 1.5m: 1; Kochtopf 10 l: 1; Kochtopf 5 l: 1";Basis-Kochset mit Gasversorgung und Töpfen;;
Baugruppe;Feld-Küche Groß;;;;;;;;;LS,DE,TNO;Auf festem unbrennbarem Untergrund betreiben.;"Gasbräter 3-flammig Edelstahl: 1; Propangasflasche 11kg gefüllt: 1; Kochtopf 10 l: 2; Bratpfanne 28 cm: 2; Schöpfkelle: 2";Gastro-Verpflegungsstation für Großveranstaltungen;;
Baugruppe;Kaffee- & Heißgetränkestation;;;;;;;;;LS,DE,TNO;Warmhalte-Kannen vor Erstbefüllung mit heißem Wasser vorwärmen.;"Gastro-Kaffeemaschine 2 Kannen: 1; Pump-Thermoskanne Gastro 5.0l: 2; Röstkaffee gemahlen 500g Vakuum: 2; Kaffeefilter Größe 4 (100 Stück): 1; Würfelzucker 1000g: 1";Autonome Kaffeestation für Leitstand und Teilnehmer;;
Baugruppe;Küchen-Reinigungsset;;;;;;;;;LS,DE,TNO;Für einwandfreie Hygiene in der Feldküche.;"Spülmittel Konzentrat 1000ml: 2; Topfschwämme mit Scheuerseite (10er): 1; Spülbürsten 3er-Set: 1; Geschirrtücher Baumwolle 10er-Pack: 1; Müllsäcke 120l extra stark (25 Stück): 1";Umfassendes Reinigungs- und Spülset;;
Baugruppe;Verpflegungs-Starterset 20 Pax;;;;;;;;;LS,DE,TNO;Notfall-Verpflegung für ein Orga-Wochenende.;"Trinkwasser 1,5 l: 20; Doseneintopf 800 g: 15; Hartweizennudeln Penne 500g: 4; Tomatensauce Napoli 400ml Glas: 6";Lebensmittelpaket für ca. 20 Personen;;
Baugruppe;Snack- & Energieset Orga;;;;;;;;;LS,DE,TNO;Kühl lagern.;"Cola 0,33 l Dose 24er Tray: 1; Energy Drink 0,25 l Dose 24er Tray: 1; Müsliriegel Schoko-Banane (24er Box): 1; Schokoriegel 24er Box: 1";Snackpaket für die Spielleitung;;
Baugruppe;Funkkoffer Orga;;;;;;;;;LS,DE,TNO;Akkus nach jedem Spieltag sofort in Ladeschalen stecken.;"Handfunkgerät: 6; 6-fach Funkgerät-Mehrfachladestation: 1; Security-Headset mit Schallschlauch: 6";6er Funkgeräteset mit Mehrfachlader und Headsets;;
Baugruppe;Marshal-Funk- und Sicherheitsset;;;;;;;;;LS,DE,TNO;Schiedsrichterausrüstung für Geländeeinsatz.;"Handfunkgerät: 2; Security-Headset mit Schallschlauch: 2; Warnweste EN ISO 20471 orange: 2; Schutzbrille klar EN 166 Anti-Beschlag: 2";Ausrüstung für 2 Schiedsrichter;;
Baugruppe;Antennen-Repeaterstation;;;;;;;;;LS,DE,TNO;Hochantenne am höchsten Geländepunkt montieren.;"HQ-Funkgerät: 1; HQ-Funkgerät-Antenne Mastfuß: 1; Stabantenne Nagoya NA-771 SMA-F: 2";Verstärker- und Relaisfunkstation;;
Baugruppe;Chrono-Station Geländeeingang;;;;;;;;;LS,DE,TNO;Jedes Markiergerät vor Spielbeginn chronen und markieren.;"Chronograph Xcortech X3200 MK3: 1; Bio BBs 0.20g 1kg Beutel (~5000 Stk): 1; Zielscheibenkasten Metall 14x14cm: 1; Klapptisch grün: 1";Mündungsenergie-Messstation;;
Baugruppe;Airsoft-Verleihset Spieler;;;;;;;;;LS,DE,TNO;Vollständigkeit bei Rückgabe kontrollieren.;"Schutzbrille klar EN 166 Anti-Beschlag: 1; Dead-Rag / Treffertuch rot mit Clip: 1; Speedloader 450 BBs M4-Form: 1; Bio BBs 0.25g 1kg Beutel (~4000 Stk): 1";Grundausstattung für Gastspieler;;
Baugruppe;LiPo-Ladestation Mobil;;;;;;;;;LS,DE,TNO;Nur unter Aufsicht und immer im LiPo-Safe-Bag laden!;"LiPo Balance-Ladegerät IMAX B6 V2: 2; LiPo Safe Bag Brandschutztasche: 2; LiPo-Voltage-Checker / Warner: 2; Mehrfachsteckdose 5-fach: 1";Sichere Ladeumgebung für Airsoft-Akkus;;
Baugruppe;Kfz-Notfall- & Starthilfeset;;;;;;;;;LS,DE,TNO;Für Pannen auf dem Spielfeld oder Parkplatz.;"Kfz-Starthilfekabel 35mm² 4.5m: 1; Kfz-Starthilfe-Powerbank Booster 2000A: 1; Autobatterie-Ladegerät Ctek MXS 5.0: 1; Warnweste EN ISO 20471 gelb: 2";Fahrzeug-Pannenset;;
Baugruppe;Sanitäts-Notfallstation HQ;;;;;;;;;LS,DE,TNO;Versiegelung regelmäßig prüfen.;"Erste-Hilfe-Koffer Groß DIN 13157: 1; Sanitäts-Tragetuch faltbar 8 Griffe: 1; Tourniquet CAT Gen7 taktisch: 2; Augenspülflasche 500ml NaCl 0.9%: 2; Rettungsdecke Gold/Silber 160x210cm: 4";Zentrale Sanitätsstation für Verletztenversorgung;;
Baugruppe;Medic-Spielfeldset;;;;;;;;;LS,DE,TNO;Ausgabe an zugewiesene Fraktions-Sanitäter.;"Medic Cards: 50; Blaues Band selbstklebend: 2; Weiße Verbände: 10; Kleiderschere Rettungsschere 19cm: 1";Mobiles Medic-Set für Spielsanitäter;;
Baugruppe;Brandschutz-Set HQ & Küche;;;;;;;;;LS,DE,TNO;Feuerlöscher gut sichtbar und zugänglich aufstellen.;"Pulver-Feuerlöscher 6kg ABC: 1; CO2-Feuerlöscher 5kg: 1; Löschdecke 120x180cm im Hardcase: 1";Sicherheitsset gegen Zelt- und Fettbrände;;
Baugruppe;Bauzaun-Tor Durchgang;;;;;;;;;LS,DE,TNO;Leichtgängigkeit der Rolle prüfen.;"Bauzaun 3.5m x 2.0m: 1; Bauzaun-Laufrolle mit Schelle: 1; Bauzaunfuß Beton: 1; Bauzaunschelle Verbindungsklammer Stahl: 1";Fahrbares Durchgangstor für Bauzaunabsperrungen;;
Baugruppe;Absperr- & Leitsystem;;;;;;;;;LS,DE,TNO;Zur Verkehrslenkung und Absicherung von Gefahrenbereichen.;"Absperrband rot-weiß 500m Abrollbox: 1; Leitkegel / Pylone 50cm reflektierend: 4; Warnweste EN ISO 20471 gelb: 1";Mobiles Absperrset;;
Baugruppe;Flaggenpunkt Elektronisch komplett;;;;;;;;;LS,DE;Mit Powerbank bis zu 24h netzunabhängig einsetzbar.;"HQ-Flaggenpunkt-Station: 1; Schlüsselschalter: 1; LED-Flutlicht RGB 20W: 1; Powerbank 20.000 mAh 65W PD: 1";Elektronischer Eroberungs- und Flaggenpunkt;;
Baugruppe;Orga-IT Arbeitsplatz komplett;;;;;;;;;LS,DE,TNO;Arbeitsplatz für Spielleiter und Live-Map.;"Feld-PC Intel: 1; Feld-Monitor 24 Zoll: 1; Tastatur- & Maus-Set: 1; Mehrfachsteckdose 5-fach: 1; Patchkabel Cat.6 RJ45 20m: 1";Kompletter Desktop-Leitstand;;
Baugruppe;Mobiler Marshal-Messplatz;;;;;;;;;LS,DE;Für Stichprobenkontrollen direkt im Spielfeld.;"Tablet Samsung Galaxy Tab Active 10 Zoll: 1; Powerbank 20.000 mAh 65W PD: 1; Chronograph Xcortech X3200 MK3: 1; Warnweste EN ISO 20471 orange: 1";Tragbares Kontrollset für Schiedsrichter;;
Baugruppe;Starlink-Geländeausbau;;;;;;;;;LS,DE,TNO;Access Points wetterfest in Bäumen oder an Masten befestigen.;"Starlink: 1; Access Point (U6 Mesh): 2; Patchkabel Cat.7 RJ45 50m Außen: 1";Erweitertes Geländewlan mit hoher Reichweite;;
Baugruppe;Solare Notstrom-Ladestation;;;;;;;;;LS,DE,TNO;Panel nach Süden ausrichten.;"Solarpanel faltbar 100W: 1; Tragbare Powerstation 500Wh / 500W: 1; USB-Schnellladegerät 65W GaN: 1";Autarkes grünes Ladesystem für Außenposten;;
Baugruppe;Schlafbereich-Einheit;;;;;;;;;LS,DE,TNO;Trocken und gelüftet lagern.;"Feldbett Aluminium klappbar BW-Art: 2; Schlafsack Mumie 3-Jahreszeiten oliv: 2; Isomatte Schaumstoff faltbar oliv: 2";Doppel-Schlafplatz für Orga-Personal;;
Baugruppe;Große Biertisch-Zeltgarnitur;;;;;;;;;LS,DE,TNO;Sitzplatz für bis zu 16 Personen.;"Biertisch: 2; Bierbank: 4";Doppel-Biertischgarnitur für Hauptzelt;;
Baugruppe;Abfallentsorgungs-Set Camp;;;;;;;;;LS,DE,TNO;Regelmäßig leeren.;"Mülltonnenständer 120l klappbar: 2; Müllsäcke 120l extra stark (25 Stück): 1; Straßenbesen mit Stiel 60cm: 1; Handfeger & Kehrblech Metall: 1";Sauberkeits- und Reinigungsset für Campbereiche;;
Event;LightSim 2022;;;;;;;;;;Historischer Testdatensatz: Gründungsveranstaltung.;;;;;LS;2022-06-18;Abgeschlossen;"GPS-Feldtracker: 16; Handfunkgerät: 12; Bauzaun 3.5m x 2.0m: 12; Kabeltrommel 50m: 3; LED-Flutlicht RGB 20W: 4; Biertisch: 6; Bierbank: 12; Tarnnetz 10x5m: 2; VP/HQ-Wegweiser: 2; Klappleiter Aluminium 3m: 1; Akku-Bohrschrauber 18 V: 2; Schlüsselschalter: 2";"GPS-Feldtracker: 14; Handfunkgerät: 10; Bauzaun 3.5m x 2.0m: 10; Kabeltrommel 50m: 3; LED-Flutlicht RGB 20W: 3; Biertisch: 4; Bierbank: 8; Tarnnetz 10x5m: 2; VP/HQ-Wegweiser: 2; Klappleiter Aluminium 3m: 1; Akku-Bohrschrauber 18 V: 2; Schlüsselschalter: 2"
Event;LightSim 2023;;;;;;;;;;Historischer Testdatensatz: Zweites Eventjahr.;;;;;LS;2023-06-17;Abgeschlossen;"GPS-Feldtracker: 18; Handfunkgerät: 14; Bauzaun 3.5m x 2.0m: 14; Kabeltrommel 50m: 4; LED-Flutlicht RGB 20W: 5; Biertisch: 8; Bierbank: 16; Tarnnetz 10x5m: 3; VP/HQ-Wegweiser: 3; Starlink: 1; Klappleiter Aluminium 3m: 2; Akku-Bohrschrauber 18 V: 3; Schlüsselschalter: 3";"GPS-Feldtracker: 16; Handfunkgerät: 12; Bauzaun 3.5m x 2.0m: 12; Kabeltrommel 50m: 3; LED-Flutlicht RGB 20W: 4; Biertisch: 6; Bierbank: 12; Tarnnetz 10x5m: 2; VP/HQ-Wegweiser: 2; Klappleiter Aluminium 3m: 2; Akku-Bohrschrauber 18 V: 2; Schlüsselschalter: 2"
Event;LightSim 2024;;;;;;;;;;Historischer Testdatensatz: kleinere Veranstaltung.;;;;;LS;2024-06-15;Abgeschlossen;"GPS-Feldtracker: 20; Handfunkgerät: 16; Bauzaun 3.5m x 2.0m: 16; Kabeltrommel 50m: 4; LED-Flutlicht RGB 20W: 6; Biertisch: 8; Bierbank: 16; Tarnnetz 10x5m: 3; VP/HQ-Wegweiser: 3; Starlink: 1; Klappleiter Aluminium 3m: 2; Akku-Bohrschrauber 18 V: 3; Teleskopleiter 3.8m: 1";"GPS-Feldtracker: 16; Handfunkgerät: 12; Bauzaun 3.5m x 2.0m: 12; Kabeltrommel 50m: 3; LED-Flutlicht RGB 20W: 4; Biertisch: 5; Bierbank: 10; Tarnnetz 10x5m: 2; VP/HQ-Wegweiser: 2; Klappleiter Aluminium 3m: 2; Akku-Bohrschrauber 18 V: 2; Teleskopleiter 3.8m: 1"
Event;LightSim 2025;;;;;;;;;;Historischer Testdatensatz: wachsende Veranstaltung.;;;;;LS;2025-06-14;Abgeschlossen;"GPS-Feldtracker: 24; Handfunkgerät: 20; Bauzaun 3.5m x 2.0m: 22; Kabeltrommel 50m: 5; LED-Flutlicht RGB 20W: 8; Biertisch: 10; Bierbank: 20; Tarnnetz 10x5m: 4; VP/HQ-Wegweiser: 4; Benzingenerator 3,5 kW: 2; Starlink: 1; Klappleiter Aluminium 3m: 3; Akku-Bohrschrauber 18 V: 4";"GPS-Feldtracker: 20; Handfunkgerät: 16; Bauzaun 3.5m x 2.0m: 16; Kabeltrommel 50m: 4; LED-Flutlicht RGB 20W: 6; Biertisch: 8; Bierbank: 16; Tarnnetz 10x5m: 3; VP/HQ-Wegweiser: 3; Benzingenerator 3,5 kW: 1; Klappleiter Aluminium 3m: 2; Akku-Bohrschrauber 18 V: 3"
Event;LightSim 2026;;;;;;;;;;Historischer Testdatensatz: große Veranstaltung.;;;;;LS;2026-06-13;Abgeschlossen;"GPS-Feldtracker: 25; Handfunkgerät: 24; Bauzaun 3.5m x 2.0m: 28; Kabeltrommel 50m: 6; LED-Flutlicht RGB 20W: 10; Biertisch: 12; Bierbank: 24; Tarnnetz 10x5m: 4; VP/HQ-Wegweiser: 4; Benzingenerator 3,5 kW: 2; Starlink: 1; Klappleiter Aluminium 3m: 3; Akku-Bohrschrauber 18 V: 4; Werkzeugkoffer universal 108-teilig: 2";"GPS-Feldtracker: 24; Handfunkgerät: 20; Bauzaun 3.5m x 2.0m: 22; Kabeltrommel 50m: 5; LED-Flutlicht RGB 20W: 8; Biertisch: 10; Bierbank: 20; Tarnnetz 10x5m: 4; VP/HQ-Wegweiser: 4; Benzingenerator 3,5 kW: 2; Klappleiter Aluminium 3m: 3; Akku-Bohrschrauber 18 V: 3; Werkzeugkoffer universal 108-teilig: 2"
Bestellung;TERA 2022;;;;;;;;;;Historische TERA-Bestellung für LightSim 2022.;;;;;LS;2022-06-18;;;;TERA;"GPS-Feldtracker: 8; Handfunkgerät: 6; Bauzaun 3.5m x 2.0m: 6; Kabeltrommel 50m: 1; LED-Flutlicht RGB 20W: 2; Biertisch: 3; Bierbank: 6; Tarnnetz 10x5m: 1; VP/HQ-Wegweiser: 1";Zurückgegeben
Bestellung;UCRF 2022;;;;;;;;;;Historische UCRF-Bestellung für LightSim 2022.;;;;;LS;2022-06-18;;;;UCRF;"GPS-Feldtracker: 8; Handfunkgerät: 6; Bauzaun 3.5m x 2.0m: 6; Kabeltrommel 50m: 1; LED-Flutlicht RGB 20W: 2; Biertisch: 3; Bierbank: 6; Tarnnetz 10x5m: 1; VP/HQ-Wegweiser: 1";Zurückgegeben
Bestellung;Werkzeugausleihe TERA 2022;;;;;;;;;;Kurzzeitige Ausleihe für Camp-Aufbau.;;;;;LS;2022-06-18;;;;TERA;"Klappleiter Aluminium 3m: 1; Akku-Bohrschrauber 18 V: 1; Bit-Set 32-teilig: 1; Zylinderschloss-Schlüsselsatz Orga: 1";Zurückgegeben
Bestellung;TERA 2023;;;;;;;;;;Historische TERA-Bestellung für LightSim 2023.;;;;;LS;2023-06-17;;;;TERA;"GPS-Feldtracker: 9; Handfunkgerät: 7; Bauzaun 3.5m x 2.0m: 7; Kabeltrommel 50m: 2; LED-Flutlicht RGB 20W: 3; Biertisch: 4; Bierbank: 8; Tarnnetz 10x5m: 1; VP/HQ-Wegweiser: 1";Zurückgegeben
Bestellung;UCRF 2023;;;;;;;;;;Historische UCRF-Bestellung für LightSim 2023.;;;;;LS;2023-06-17;;;;UCRF;"GPS-Feldtracker: 9; Handfunkgerät: 7; Bauzaun 3.5m x 2.0m: 7; Kabeltrommel 50m: 1; LED-Flutlicht RGB 20W: 2; Biertisch: 4; Bierbank: 8; Tarnnetz 10x5m: 1; VP/HQ-Wegweiser: 2";Zurückgegeben
Bestellung;Werkzeugausleihe UCRF 2023;;;;;;;;;;Kurzzeitige Werkzeugausleihe für HQ-Befestigung.;;;;;LS;2023-06-17;;;;UCRF;"Teleskopleiter 3.8m: 1; Akku-Bohrschrauber 18 V: 1; Ersatzakku 18 V 5 Ah: 1; Schlosserhammer 1000g: 1";Zurückgegeben
Bestellung;TERA 2024;;;;;;;;;;Historische TERA-Bestellung für LightSim 2024.;;;;;LS;2024-06-15;;;;TERA;"GPS-Feldtracker: 10; Handfunkgerät: 8; Bauzaun 3.5m x 2.0m: 8; Kabeltrommel 50m: 2; LED-Flutlicht RGB 20W: 3; Biertisch: 4; Bierbank: 8; Tarnnetz 10x5m: 2; VP/HQ-Wegweiser: 2; Starlink: 1";Zurückgegeben
Bestellung;UCRF 2024;;;;;;;;;;Historische UCRF-Bestellung für LightSim 2024.;;;;;LS;2024-06-15;;;;UCRF;"GPS-Feldtracker: 10; Handfunkgerät: 8; Bauzaun 3.5m x 2.0m: 8; Kabeltrommel 50m: 2; LED-Flutlicht RGB 20W: 3; Biertisch: 4; Bierbank: 8; Tarnnetz 10x5m: 1; VP/HQ-Wegweiser: 1";Zurückgegeben
Bestellung;Werkzeugausleihe TERA 2024;;;;;;;;;;Kurzzeitige Werkzeugausleihe vor Eventstart.;;;;;LS;2024-06-15;;;;TERA;"Klappleiter Aluminium 3m: 1; Akku-Winkelschleifer 18V: 1; Akku-Bohrschrauber 18 V: 1; Schlüsselschalter: 2";Zurückgegeben
Bestellung;TERA 2025;;;;;;;;;;Historische TERA-Bestellung für LightSim 2025.;;;;;LS;2025-06-14;;;;TERA;"GPS-Feldtracker: 12; Handfunkgerät: 10; Bauzaun 3.5m x 2.0m: 11; Kabeltrommel 50m: 3; LED-Flutlicht RGB 20W: 4; Biertisch: 5; Bierbank: 10; Tarnnetz 10x5m: 2; VP/HQ-Wegweiser: 2; Benzingenerator 3,5 kW: 1; Starlink: 1";Zurückgegeben
Bestellung;UCRF 2025;;;;;;;;;;Historische UCRF-Bestellung für LightSim 2025.;;;;;LS;2025-06-14;;;;UCRF;"GPS-Feldtracker: 12; Handfunkgerät: 10; Bauzaun 3.5m x 2.0m: 11; Kabeltrommel 50m: 2; LED-Flutlicht RGB 20W: 4; Biertisch: 5; Bierbank: 10; Tarnnetz 10x5m: 2; VP/HQ-Wegweiser: 2; Benzingenerator 3,5 kW: 1";Zurückgegeben
Bestellung;Werkzeugausleihe Orga 2025;;;;;;;;;;Aufbauausleihe für Leitern und Torschlüssel.;;;;;LS;2025-06-14;;;;TERA;"Klappleiter Aluminium 3m: 1; Teleskopleiter 3.8m: 1; Masterschlüssel Schranke & Tore: 1; Akku-Bohrschrauber 18 V: 2";Zurückgegeben
Bestellung;TERA 2026;;;;;;;;;;Historische TERA-Bestellung für LightSim 2026.;;;;;LS;2026-06-13;;;;TERA;"GPS-Feldtracker: 13; Handfunkgerät: 12; Bauzaun 3.5m x 2.0m: 14; Kabeltrommel 50m: 3; LED-Flutlicht RGB 20W: 5; Biertisch: 6; Bierbank: 12; Tarnnetz 10x5m: 2; VP/HQ-Wegweiser: 2; Benzingenerator 3,5 kW: 1; Starlink: 1";Eingereicht
Bestellung;UCRF 2026;;;;;;;;;;Historische UCRF-Bestellung für LightSim 2026.;;;;;LS;2026-06-13;;;;UCRF;"GPS-Feldtracker: 12; Handfunkgerät: 12; Bauzaun 3.5m x 2.0m: 14; Kabeltrommel 50m: 3; LED-Flutlicht RGB 20W: 5; Biertisch: 6; Bierbank: 12; Tarnnetz 10x5m: 2; VP/HQ-Wegweiser: 2; Benzingenerator 3,5 kW: 1";Eingereicht
Bestellung;Werkzeugausleihe TERA 2026;;;;;;;;;;Werkzeuganforderung für Aufbau LightSim 2026.;;;;;LS;2026-06-13;;;;TERA;"Klappleiter Aluminium 3m: 1; Akku-Bohrschrauber 18 V: 2; Bit-Set 32-teilig: 2; Werkzeugkoffer universal 108-teilig: 1";Eingereicht
Bestellung;Werkzeugausleihe UCRF 2026;;;;;;;;;;Werkzeuganforderung für Lagerbau LightSim 2026.;;;;;LS;2026-06-13;;;;UCRF;"Klappleiter Aluminium 3m: 1; Teleskopleiter 3.8m: 1; Akku-Handkreissäge 18V: 1; Schlosserhammer 1000g: 1";Eingereicht
Rückgabe;Klappleiter Aluminium 3m;;1;;;Werkstattlager;;;;Nach Zeltaufbau vollständig und unbeschädigt zurückgegeben.;;;LDR-001;LS;2022-06-19;Bestätigt;;;TERA;;;
Rückgabe;Akku-Bohrschrauber 18 V;;1;;;Werkstattlager;;;;Mit Koffer und geladenem Akku zurückgelagert.;;;PWR-DRL-01;LS;2022-06-19;Bestätigt;;;TERA;;;
Rückgabe;Zylinderschloss-Schlüsselsatz Orga;;1;;;Garage Markus;;;;Schlüsselsatz vollständig zurückgegeben.;;;KEY-ORG-01;LS;2022-06-19;Bestätigt;;;TERA;;;
Rückgabe;Teleskopleiter 3.8m;;1;;;Garage Markus;;;;Nach HQ-Befestigung sauber zurückgestellt.;;;TLD-001;LS;2023-06-18;Bestätigt;;;UCRF;;;
Rückgabe;Akku-Bohrschrauber 18 V;;1;;;Werkstattlager;;;;Bohrer und Bitset vollständig zurück.;;;PWR-DRL-02;LS;2023-06-18;Bestätigt;;;UCRF;;;
Rückgabe;Schlosserhammer 1000g;;1;;;Werkstattlager;;;;Stiel und Kopf intakt.;;;;LS;2023-06-18;Bestätigt;;;UCRF;;;
Rückgabe;Klappleiter Aluminium 3m;;1;;;Werkstattlager;;;;Reguläre Rückgabe nach LightSim 2024.;;;LDR-002;LS;2024-06-16;Bestätigt;;;TERA;;;
Rückgabe;Akku-Winkelschleifer 18V;;1;;;Werkstattlager;;;;Gereinigt und ohne Mängel zurück.;;;PWR-AGR-01;LS;2024-06-16;Bestätigt;;;TERA;;;
Rückgabe;Schlüsselschalter;;2;;;Technik-Lager 1;;;;2 Missions-Schlüsselschalter nach Event zurückgegeben.;;;SW-KEY-01, SW-KEY-02;LS;2024-06-16;Bestätigt;;;TERA;;;
Rückgabe;Klappleiter Aluminium 3m;;1;;;Werkstattlager;;;;Nach Abbau LightSim 2025 zurückgebracht.;;;LDR-001;LS;2025-06-15;Bestätigt;;;TERA;;;
Rückgabe;Teleskopleiter 3.8m;;1;;;Garage Markus;;;;Rückgabe an Garagenstandort Markus.;;;TLD-002;LS;2025-06-15;Bestätigt;;;TERA;;;
Rückgabe;Masterschlüssel Schranke & Tore;;1;;;Technik-Lager 1;;;;Schrankenschlüssel nach Schließung der Zufahrt übergeben.;;;KEY-GATE-01;LS;2025-06-15;Bestätigt;;;TERA;;;
Rückgabe;Akku-Bohrschrauber 18 V;;2;;;Werkstattlager;;;;Beide Bohrschrauber zurückgegeben.;;;PWR-DRL-03, PWR-DRL-04;LS;2025-06-15;Bestätigt;;;TERA;;;
Rückgabe;Klappleiter Aluminium 3m;;1;;;Werkstattlager;;;;Vorangemeldete Rückgabe nach LightSim 2026.;;;LDR-003;LS;2026-06-14;Ausstehend;;;TERA;;;
